Name,Release Date,Price,Discount,Developer,Publisher,Total Reviews,Positive Reviews,Negative Reviews,Review Sentiment,Genre(s)
shapez 2 - Factory,"Apr 23, 2026",$29.99,$17.99,tobspr Games,tobspr Games,"14,985","14,546",439,Very Positive,"['Casual', 'Indie', 'Simulation', 'Strategy']"
Blue Archive,"Jul 3, 2025",Free To Play,No Discount,NEXON Games,NEXON Korea,"27,467","17,836","9,631",Overwhelmingly Negative,"['Adventure', 'Casual', 'RPG', 'Strategy']"
DRAGON BALL GEKISHIN SQUADRA,"Sep 9, 2025",Free To Play,No Discount,"GANBARION Co., Ltd.",Bandai Namco Entertainment,"10,606","6,904","3,702",Mixed,"['Action', 'Free To Play']"
Infection Free Zone,"Apr 11, 2024",$44.98,$17.31,Jutsu Games,Games Operators,"18,349","14,784","3,565",Very Positive,"['Action', 'Indie', 'Simulation', 'Strategy']"
Soul Land: Awakening World,"Jun 1, 2026",Free To Play,No Discount,37GAMES,37GAMES,348,167,181,Mixed,"['Action', 'Adventure', 'Massively Multiplayer', 'RPG']"
Microsoft Flight Simulator (2020) 40th Anniversary Edition,"Aug 17, 2020",$59.99,No Discount,Asobo Studio,Xbox Game Studios,"72,499","57,009","15,490",Very Positive,['Simulation']
Grand Theft Auto IV: The Complete Edition,"Mar 24, 2020",$19.99,No Discount,Rockstar North,Rockstar Games,"201,030","167,437","33,593",Very Positive,"['Action', 'Adventure']"
Rubinite,"Jul 22, 2026",$19.99,$17.99,Cup Dog Games,Cup Dog Games,"2,196","2,035",161,Very Positive,"['Action', 'Indie', 'RPG']"
Scale the Depths,"May 28, 2026",$14.38,$12.65,Glass Gecko Games,Pretty Soon,"1,734","1,529",205,Very Positive,"['Casual', 'Indie', 'Simulation']"
Killing Floor 3,"Jul 24, 2025",$39.99,$19.99,Tripwire Interactive,Tripwire Interactive,"23,084","10,117","12,967",Mixed,['Action']
Escape Simulator,"Oct 19, 2021",$19.99,$9.99,Pine Studio,Pine Studio,"19,265","18,093","1,172",Very Positive,"['Adventure', 'Casual', 'Indie', 'Simulation']"
Disney Dreamlight Valley: Honeyglow Woods,"Jul 8, 2026",$51.28,$40.48,Gameloft,Gameloft,69,48,21,Mixed,"['Action', 'Adventure', 'Casual', 'RPG']"
Sifu,"Mar 28, 2023",$39.99,$9.99,Sloclap,Sloclap,"28,257","25,954","2,303",Very Positive,"['Action', 'Indie']"
Songs of Syx,"Sep 21, 2020",Try the Demo!,No Discount,Gamatron AB,Gamatron AB,"9,029","8,529",500,Very Positive,"['Casual', 'Indie', 'Simulation', 'Strategy']"
Batman™: Arkham Origins,"Oct 24, 2013",$19.99,$3.99,WB Games Montreal,Warner Bros. Interactive Entertainment,"64,952","58,347","6,605",Very Positive,"['Action', 'Adventure']"
Cult of the Lamb: Woolhaven,"Jan 22, 2026",$16.99,No Discount,Massive Monster,Devolver Digital,"1,313","1,221",92,Very Positive,"['Action', 'Adventure', 'Indie', 'Strategy']"
Slay the Princess — The Pristine Cut,"Oct 23, 2023",$17.99,$9.89,Black Tabby Games,Black Tabby Games,"33,205","32,117","1,088",Overwhelmingly Positive,"['Adventure', 'Indie', 'RPG', 'Simulation']"
Days Gone,"May 17, 2021",$39.99,No Discount,Bend Studio,PlayStation Publishing LLC,"116,101","107,664","8,437",Very Positive,"['Action', 'Adventure']"
SCUM,"Jun 17, 2025",$44.99,No Discount,Gamepires,Gamepires,"126,092","93,553","32,539",Mostly Positive,"['Action', 'Adventure', 'Indie', 'Massively Multiplayer']"
Blasphemous 2,"Aug 24, 2023",$44.99,$11.24,The Game Kitchen,Team17,"20,671","18,742","1,929",Very Positive,"['Action', 'Adventure', 'Indie']"
FINAL FANTASY XVI,"Sep 17, 2024",$49.99,No Discount,Square Enix,Square Enix,"32,831","25,778","7,053",Mostly Positive,"['Action', 'RPG']"
Watch_Dogs® 2,"Nov 28, 2016",$49.99,No Discount,Ubisoft,Ubisoft,"100,039","82,177","17,862",Mostly Positive,"['Action', 'Adventure']"
Divinity: Original Sin 2 - Definitive Edition,"Sep 14, 2017",$44.99,No Discount,Larian Studios,Larian Studios,"204,896","196,003","8,893",Very Positive,"['Adventure', 'RPG', 'Strategy']"
Hozy,"Mar 30, 2026",$22.48,$17.08,Come On Studio,tinyBuild,"4,484","3,623",861,Mostly Positive,"['Casual', 'Indie', 'Simulation']"
Ready or Not: Boiling Point,"Mar 12, 2026",$9.99,No Discount,VOID Interactive,VOID Interactive,"1,852","1,452",400,Mostly Positive,"['Action', 'Adventure', 'Indie']"
Solasta II,"Mar 12, 2026",$39.99,$31.99,Tactical Adventures,Tactical Adventures,"3,045","2,307",738,Mostly Positive,"['Adventure', 'Indie', 'RPG', 'Strategy']"
Romestead,"May 25, 2026",$26.08,$30.58,Beartwigs,Three Friends,"4,629","3,532","1,097",Very Positive,"['Action', 'Adventure', 'Indie', 'RPG']"
Derail Valley,"Jan 25, 2019",$39.99,No Discount,Altfuture,Altfuture,"9,566","9,243",323,Overwhelmingly Positive,"['Adventure', 'Indie', 'Simulation', 'Early Access']"
Carnival Hunt,"Jul 23, 2026",$19.99,$17.99,Crytivo,Crytivo,"2,063","1,392",671,Mixed,"['Action', 'Indie', 'Strategy', 'Early Access']"
Trails in the Sky 1st Chapter,"Sep 19, 2025",$59.99,No Discount,Nihon Falcom,"GungHo Online Entertainment America, Inc.","4,551","4,347",204,Very Positive,"['Action', 'Adventure', 'RPG']"
DYNASTY WARRIORS: ORIGINS,"Jan 16, 2025",$69.99,$48.99,"KOEI TECMO GAMES CO., LTD.","KOEI TECMO GAMES CO., LTD.","29,837","27,836","2,001",Very Positive,"['Action', 'RPG', 'Strategy']"
Need for Speed™ Heat,"Jun 4, 2020",$69.99,$3.49,Ghost Games,Electronic Arts,"150,872","127,002","23,870",Very Positive,"['Action', 'Adventure', 'Racing', 'Sports']"
Nine Sols,"May 28, 2024",$107.96,$35.97,RedCandleGames,RedCandleGames,"44,327","41,850","2,477",Very Positive,"['Action', 'Adventure', 'Indie']"
Megabonk,"Sep 18, 2025",$9.99,No Discount,vedinad,vedinad,"105,025","99,191","5,834",Very Positive,"['Action', 'Casual', 'Indie']"
Space Engineers 2,"Jan 27, 2025",$39.98,$31.98,Keen Software House,Keen Software House,"5,219","3,904","1,315",Mixed,"['Action', 'Indie', 'Simulation', 'Strategy']"
BONELAB,"Sep 29, 2022",$39.99,No Discount,Stress Level Zero,Stress Level Zero,"20,032","16,431","3,601",Very Positive,"['Action', 'Adventure', 'Simulation']"
"No, I'm not a Human","Sep 15, 2025",$14.99,No Discount,Trioskaz,CRITICAL REFLEX,"30,022","27,998","2,024",Very Positive,"['Indie', 'Simulation']"
A Way Out,"Mar 23, 2018",$29.99,$8.99,Hazelight Studios,Electronic Arts,"102,089","89,758","12,331",Very Positive,"['Action', 'Adventure', 'Indie']"
Drive Beyond Horizons,"Mar 24, 2025",$39.98,$33.83,Drive Beyond Horizons,Tacty Studio,"19,935","15,530","4,405",Mostly Positive,"['Action', 'Adventure', 'Casual', 'Indie']"
PowerWash Simulator,"Jul 14, 2022",$24.99,No Discount,FuturLab,FuturLab,"58,493","56,387","2,106",Very Positive,"['Casual', 'Indie', 'Simulation']"
MX Bikes,"Oct 7, 2019",$34.99,No Discount,PiBoSo,PiBoSo,"36,602","34,519","2,083",Very Positive,"['Racing', 'Simulation', 'Sports', 'Early Access']"
Root,"Sep 24, 2020",$14.99,$7.49,Dire Wolf,Dire Wolf,"5,461","4,920",541,Very Positive,"['Indie', 'Simulation', 'Strategy']"
Out of the Park Baseball 27,"Mar 13, 2026",$49.99,No Discount,Out of the Park Developments,Out of the Park Developments,426,355,71,Very Positive,"['Indie', 'Simulation', 'Sports', 'Strategy']"
Arms of God,"Jun 8, 2026",$15.74,$10.11,Dark Jay Studio,Dark Jay Studio,"1,655","1,468",187,Very Positive,"['Action', 'Casual', 'Indie', 'RPG']"
World of Tanks Blitz,"Nov 9, 2016",Free To Play,No Discount,Wargaming Group Limited,Wargaming Group Limited,"153,081","119,310","33,771",Mixed,"['Action', 'Massively Multiplayer', 'Simulation', 'Strategy']"
Lords of the Fallen,"Oct 13, 2023",$29.99,No Discount,CI Games,CI Games,"54,731","37,101","17,630",Mostly Positive,"['Action', 'Adventure', 'RPG']"
Resident Evil 6,"Mar 22, 2013",$19.99,$4.99,Capcom,Capcom,"70,336","54,353","15,983",Mixed,"['Action', 'Adventure']"
SILENT HILL f,"Sep 24, 2025",$107.98,$94.48,NeoBards Entertainment Ltd.,KONAMI,"28,423","22,864","5,559",Mostly Positive,"['Action', 'Adventure']"
Little Nightmares III,"Oct 9, 2025",$39.99,$19.99,Supermassive Games,Bandai Namco Entertainment,"20,767","9,714","11,053",Mixed,['Adventure']
Minecraft Dungeons,"Sep 22, 2021",$19.99,No Discount,Mojang Studios,Xbox Game Studios,"18,556","16,804","1,752",Very Positive,"['Action', 'Adventure', 'RPG']"
Automobilista 2,"Mar 31, 2020",$39.99,No Discount,Reiza Studios,Reiza Studios,"15,794","14,486","1,308",Very Positive,"['Action', 'Indie', 'Racing', 'Simulation']"
ACE COMBAT™ 7: SKIES UNKNOWN,"Jan 31, 2019",$74.99,$14.99,Bandai Namco Studios Inc.,Bandai Namco Entertainment,"56,342","49,512","6,830",Very Positive,"['Action', 'Simulation']"
Stormworks: Build and Rescue,"Sep 17, 2020",$24.99,No Discount,Geometa,Geometa,"59,494","53,851","5,643",Very Positive,['Simulation']
EMPULSE,"Jun 24, 2026",$19.99,No Discount,1047 Games,1047 Games,"1,608","1,172",436,Mostly Positive,"['Action', 'Early Access']"
Call of Duty®: Black Ops 6,"Nov 1, 2024",$69.99,No Discount,Treyarch,Activision,"15,733","6,957","8,776",Mostly Positive,['Action']
"5,000 Premier Pack - Rainbow Six Siege","Jun 4, 2026",$39.99,No Discount,Ubisoft Montreal,Ubisoft,36,17,19,Mixed,"['Action', 'Free To Play']"
NBA THE RUN,"Jun 9, 2026",$29.99,$19.79,Play by Play Studios,Play by Play Studios,916,636,280,Mixed,"['Action', 'Casual', 'Sports']"
SpiritVale,"Jul 15, 2026",$14.99,No Discount,Baikun Interactive,Baikun Interactive,"4,029","2,078","1,951",Mixed,"['Action', 'Indie', 'Massively Multiplayer', 'RPG']"
Tom Clancy's Ghost Recon® Breakpoint,"Jan 23, 2023",$59.99,No Discount,Ubisoft Paris,Ubisoft,"43,658","32,199","11,459",Mostly Positive,"['Action', 'Adventure']"
LEGO® Star Wars™: The Skywalker Saga,"Apr 5, 2022",$49.99,$9.99,TT Games,Warner Bros. Games,"48,297","43,507","4,790",Very Positive,"['Action', 'Adventure']"
Town to City,"May 26, 2026",$29.99,No Discount,Galaxy Grove,Kwalee,"6,933","6,767",166,Overwhelmingly Positive,"['Indie', 'Simulation', 'Strategy']"
Heroes of Hammerwatch II,"Jan 14, 2025",$19.99,$7.99,Crackshell,Team17,"6,402","5,283","1,119",Mostly Positive,"['Action', 'Indie', 'RPG']"
ARK Tides of Fortune,"Jul 3, 2026",$19.99,No Discount,Studio Wildcard,Studio Wildcard,511,110,401,Overwhelmingly Negative,"['Action', 'Adventure', 'Indie', 'Massively Multiplayer']"
The Legend of Heroes: Trails beyond the Horizon,"Jan 15, 2026",$59.99,$44.99,Nihon Falcom,"NIS America, Inc.",699,651,48,Very Positive,"['Action', 'Adventure', 'RPG']"
A Little to the Left,"Nov 8, 2022",$14.99,$5.99,Max Inferno,Secret Mode,"18,747","17,177","1,570",Very Positive,"['Casual', 'Indie']"
Buckshot Roulette,"Apr 4, 2024",$11.68,$9.88,Mike Klubnika,CRITICAL REFLEX,"123,301","117,381","5,920",Very Positive,"['Action', 'Indie', 'Simulation']"
Stray,"Jul 19, 2022",$29.99,No Discount,BlueTwelve Studio,Annapurna Interactive,"176,407","171,491","4,916",Overwhelmingly Positive,"['Adventure', 'Indie']"
Total War: WARHAMMER,"May 24, 2016",$59.99,No Discount,CREATIVE ASSEMBLY,SEGA,"53,014","41,394","11,620",Very Positive,"['Action', 'Strategy']"
WolfQuest: Anniversary Edition,"Jul 22, 2025",$29.99,No Discount,eduweb,eduweb,"13,155","12,830",325,Overwhelmingly Positive,"['Action', 'RPG', 'Simulation']"
The Sims™ 2 Legacy Collection,"Jan 31, 2025",$29.99,$14.99,MAXIS,Electronic Arts,"4,886","3,516","1,370",Very Positive,['Simulation']
The Mermaid Mask,"Jul 16, 2026",$19.99,No Discount,SFB Games,SFB Games,"2,039","2,030",9,Overwhelmingly Positive,"['Adventure', 'Casual', 'Indie']"
Coral Island,"Nov 14, 2023",$29.99,No Discount,Stairway Games,Balor Games,"27,359","24,311","3,048",Very Positive,"['Adventure', 'Casual', 'Indie', 'RPG']"
Destiny 2: The Final Shape,"Jun 4, 2024",$19.99,$1.99,Bungie,Bungie,"8,280","6,524","1,756",Mixed,"['Action', 'Adventure', 'Free To Play']"
Vampire Survivors,"Oct 20, 2022",$17.98,$13.48,poncle,poncle,"264,468","260,046","4,422",Overwhelmingly Positive,"['Action', 'Casual', 'Indie', 'RPG']"
Road to Empress Ⅱ,"Jun 8, 2026",$18.00,No Discount, New One Studio, New One Studio,"8,161","6,607","1,554",Very Positive,"['Adventure', 'Casual', 'Indie', 'RPG']"
Monster Hunter World: Iceborne,"Jan 9, 2020",$39.99,$5.99,"CAPCOM Co., Ltd.","CAPCOM Co., Ltd.","24,170","13,745","10,425",Mixed,['Action']
Stellaris: Nomads,"Jun 15, 2026",$24.99,No Discount,Paradox Development Studio,Paradox Interactive,476,236,240,Mostly Negative,"['Simulation', 'Strategy']"
The Spell Brigade,"Apr 29, 2026",$12.99,$9.35,Bolt Blaster Games,Bolt Blaster Games,"16,376","13,319","3,057",Very Positive,"['Action', 'Casual', 'Indie', 'Free To Play']"
Titanfall® 2,"Oct 28, 2016",$29.99,$4.49,Respawn Entertainment,Electronic Arts,"284,143","271,740","12,403",Overwhelmingly Positive,['Action']
Car Dealer Simulator,"May 29, 2025",$19.99,$14.59,Garage Monkeys,Garage Monkeys,"10,085","8,973","1,112",Very Positive,"['Casual', 'Indie', 'Simulation']"
SurrounDead,"Jun 24, 2022",$11.99,No Discount,Zurvivor,PlaySurrounDead,"26,189","23,985","2,204",Very Positive,"['Action', 'Adventure', 'Indie', 'RPG']"
Assassin's Creed Valhalla,"Dec 6, 2022",$59.99,No Discount,Ubisoft Montreal,Ubisoft,"44,133","30,666","13,467",Mostly Positive,"['Action', 'Adventure', 'RPG']"
Albion Online,"Jul 17, 2017",Free To Play,No Discount,Sandbox Interactive GmbH,Sandbox Interactive GmbH,"92,982","72,964","20,018",Mostly Positive,"['Massively Multiplayer', 'RPG', 'Free To Play']"
Blade and Sorcery,"Jun 17, 2024",$29.99,No Discount,WarpFrog,WarpFrog,"61,922","59,759","2,163",Very Positive,"['Action', 'Adventure', 'Indie', 'RPG']"
Tom Clancy's Ghost Recon® Wildlands,"Mar 6, 2017",$49.99,No Discount,Ubisoft Paris,Ubisoft,"105,899","84,308","21,591",Mostly Positive,"['Action', 'Adventure']"
DRAGON BALL Z: KAKAROT,"Jan 16, 2020",$19.99,$14.99,CyberConnect2 Co. Ltd.,Bandai Namco Entertainment Inc.,"58,122","54,152","3,970",Very Positive,"['Action', 'RPG']"
MENACE,"Feb 5, 2026",$411.57,$52.48,Overhype Studios,Hooded Horse,"12,831","11,654","1,177",Very Positive,"['RPG', 'Simulation', 'Strategy', 'Early Access']"
Road to Vostok,"Apr 7, 2026",$19.99,No Discount,Road to Vostok Ltd.,Road to Vostok Ltd.,"8,578","7,243","1,335",Very Positive,"['Action', 'Early Access']"
Happy's Humble Burger Cult,"Jul 16, 2026",$9.99,No Discount,Scythe Dev Team,tinyBuild,420,361,59,Very Positive,"['Action', 'Indie', 'Simulation']"
GERONIMO,"Jul 10, 2026",$19.99,No Discount,Dark Matter Studios,Dark Matter Studios,"1,108",927,181,Very Positive,"['Action', 'Early Access']"
Portal 2,"Apr 18, 2011",$9.99,No Discount,Valve,Valve,"464,912","458,892","6,020",Overwhelmingly Positive,"['Action', 'Adventure']"
Poppy Playtime,"Oct 12, 2021",Free To Play,No Discount,Mob Entertainment,Mob Entertainment,"141,212","124,204","17,008",Very Positive,"['Action', 'Adventure', 'Indie']"
GTFO,"Dec 9, 2021",$39.99,No Discount,10 Chambers,10 Chambers,"66,528","55,833","10,695",Mostly Positive,['Action']
Dead Island 2,"Apr 22, 2024",$49.99,No Discount,Dambuster Studios,Deep Silver,"28,666","22,179","6,487",Mostly Positive,"['Action', 'Adventure']"
Mortal Kombat 11,"Apr 23, 2019",$49.99,$4.99,NetherRealm Studios,Warner Bros. Games,"115,715","101,916","13,799",Very Positive,['Action']
The Lord of the Rings Online™,"Jun 6, 2012",Play for Free!,No Discount,Standing Stone Games,Daybreak Game Company LLC,"23,056","18,766","4,290",Mostly Positive,"['Action', 'Adventure', 'Massively Multiplayer', 'RPG']"
Gang Beasts,"Dec 12, 2017",$25.18,$23.74,Boneloaf,Boneloaf,"66,966","57,289","9,677",Very Positive,"['Action', 'Adventure', 'Casual', 'Indie']"
Hello Kitty Island Adventure,"Jan 30, 2025",$39.99,No Discount,Sunblink,Sunblink,"12,189","11,451",738,Very Positive,"['Action', 'Adventure', 'Casual', 'Indie']"
Baldur's Gate 3 - Digital Deluxe Edition DLC,"Aug 3, 2023",$9.99,$6.99,Larian Studios,Larian Studios,"4,678","4,512",166,Very Positive,"['Adventure', 'RPG', 'Strategy']"
Star Wars Outlaws,"Nov 21, 2024",$69.99,No Discount,Massive Entertainment – A Ubisoft Studio,Ubisoft,"12,126","8,672","3,454",Mostly Positive,"['Action', 'Adventure']"
IL-2 Sturmovik: Battle of Stalingrad,"Oct 22, 2014",$49.99,$12.49,1C Game Studios,FOR-GAMES CR LTD,"9,876","7,819","2,057",Mostly Positive,"['Action', 'Simulation']"
Plants vs. Zombies™ Garden Warfare 2: Deluxe Edition,"May 16, 2022",$29.99,$8.99,PopCap,Electronic Arts,"49,705","44,688","5,017",Very Positive,"['Action', 'Casual', 'Strategy']"
MOLE,"Jun 15, 2026",$12.99,$10.39,Off Black Creations,Oro Interactive,"2,928","2,846",82,Overwhelmingly Positive,"['Adventure', 'Indie', 'Simulation']"
ROUTINE,"Dec 4, 2025",$24.99,$17.49,Lunar Software,Raw Fury,"7,957","7,315",642,Very Positive,"['Action', 'Adventure', 'Indie']"
Far Cry® 5,"Mar 26, 2018",$247.42,$222.89,Ubisoft Montreal,Ubisoft,"188,125","152,503","35,622",Very Positive,"['Action', 'Adventure']"
The Jackbox Party Pack 11,"Oct 22, 2025",$29.99,No Discount,"Jackbox Games, Inc.","Jackbox Games, Inc.",497,465,32,Very Positive,"['Adventure', 'Casual', 'Indie', 'RPG']"
The Outer Worlds 2,"Oct 29, 2025",$69.99,No Discount,Obsidian Entertainment,Xbox Game Studios,"8,791","6,478","2,313",Mixed,"['Action', 'Adventure', 'RPG']"
Predecessor,"Aug 20, 2024",Free To Play,No Discount,Omeda Studios,Omeda Studios,"17,395","12,446","4,949",Mixed,"['Action', 'Indie', 'Massively Multiplayer', 'RPG']"
WUCHANG: Fallen Feathers,"Jul 23, 2025",$49.99,$34.99,Leenzee,505 Games,"104,299","58,832","45,467",Very Positive,"['Action', 'Adventure', 'RPG']"
"Warhammer 40,000: Darktide - Hive Scum Class","Dec 2, 2025",$11.99,No Discount,Fatshark,Fatshark,"2,171","1,056","1,115",Mixed,"['Action', 'Adventure', 'RPG']"
Master of Command,"Oct 27, 2025",$29.99,$22.49,Armchair Interactive,Armchair Interactive,"3,872","3,577",295,Very Positive,['Strategy']
Dishonored,"Oct 8, 2012",$9.99,$2.49,Arkane Studios,Bethesda Softworks,"87,583","85,505","2,078",Overwhelmingly Positive,"['Action', 'Adventure']"
Date Everything!,"Jun 17, 2025",$40.48,$40.48,Sassy Chap Games,Team17,"7,552","7,054",498,Very Positive,['Simulation']
American Truck Simulator - Illinois,"May 14, 2026",$11.99,No Discount,SCS Software,SCS Software,211,167,44,Mostly Positive,"['Indie', 'Simulation']"
Supermarket Chaos,"Jun 29, 2026",$4.99,No Discount,BunnyHop,BunnyHopHome,"2,056","1,921",135,Very Positive,"['Indie', 'Simulation']"
Battlefield™ 1,"Oct 20, 2016",$39.99,$3.99,DICE,Electronic Arts,"225,047","194,634","30,413",Very Positive,"['Action', 'Massively Multiplayer']"
Old School RuneScape,"Feb 22, 2013",Free To Play,No Discount,Jagex Ltd,Jagex Ltd,"20,615","17,058","3,557",Very Positive,"['Adventure', 'Massively Multiplayer', 'RPG', 'Free To Play']"
SpaceCraft,"Jun 11, 2026",$161.95,$152.94,Shiro Games,Shiro Games,"2,570","1,686",884,Mixed,"['Adventure', 'Indie', 'Massively Multiplayer', 'Simulation']"
Crime Scene Cleaner,"Aug 14, 2024",$30.58,$28.78,President Studio,President Studio,"33,724","33,080",644,Overwhelmingly Positive,"['Action', 'Simulation']"
The Sims™ 3,"Jun 2, 2009",$19.99,No Discount,The Sims Studio,Electronic Arts,"34,281","29,568","4,713",Mostly Positive,['Simulation']
DIVE or DIE - Children of Rain,"Jul 21, 2026",$17.99,$14.39,Drop Rate Studio,Dear Villagers,857,786,71,Very Positive,"['Action', 'Adventure', 'Indie']"
Sea of Stars: Sunset Edition,"Aug 28, 2023",$34.99,No Discount,Sabotage Studio,Sabotage Studio,"15,106","13,408","1,698",Very Positive,"['Adventure', 'Indie', 'RPG']"
STAR WARS Jedi: Fallen Order™,"Nov 14, 2019",$39.99,$7.99,Respawn Entertainment,Electronic Arts,"174,584","154,404","20,180",Very Positive,"['Action', 'Adventure']"
House Flipper Remastered Collection,"Jun 4, 2026",$49.99,$39.99,Frozen Way,Frozen Way,771,521,250,Mostly Positive,"['Casual', 'Indie', 'Simulation']"
Guild Wars 2® Heart of Thorns® and Path of Fire™ Expansions,"Aug 23, 2022",$29.99,No Discount,ArenaNet®,ArenaNet®,337,266,71,Mostly Positive,"['Adventure', 'Massively Multiplayer', 'RPG', 'Free To Play']"
State of Decay 2: Juggernaut Edition,"Mar 13, 2020",$29.99,No Discount,Undead Labs,Xbox Game Studios,"69,524","57,545","11,979",Very Positive,"['Action', 'RPG', 'Simulation']"
METAL GEAR SOLID V: THE PHANTOM PAIN,"Sep 1, 2015",$19.99,No Discount,KONAMI,KONAMI,"107,551","98,727","8,824",Very Positive,"['Action', 'Adventure']"
FINAL FANTASY XIV: Dawntrail,"Jul 2, 2024",$39.99,No Discount,Square Enix,Square Enix,"5,513","2,708","2,805",Mixed,"['Massively Multiplayer', 'RPG']"
HackHub - Ultimate Hacker Simulator,"Aug 1, 2026",$11.99,$9.59,HotBunny,G-DEVS.com,737,663,74,Very Positive,"['Indie', 'Simulation', 'Strategy']"
Fallout 3: Game of the Year Edition,"Oct 13, 2009",$19.99,$6.59,Bethesda Game Studios,Bethesda Softworks,"55,950","45,674","10,276",Very Positive,['RPG']
Europa Universalis IV,"Aug 13, 2013",$49.99,No Discount,Paradox Development Studio,Paradox Interactive,"139,349","121,253","18,096",Very Positive,"['Simulation', 'Strategy']"
Wingspan,"Sep 17, 2020",$19.99,$9.99,Monster Couch,Monster Couch,"11,887","11,207",680,Very Positive,"['Indie', 'Strategy']"
Ragnarok: The New World,"Jul 26, 2026",Free To Play,No Discount,Gravity Game Vision Limited,Gravity Game Vision Limited,495,137,358,Mostly Negative,"['Action', 'Adventure', 'Massively Multiplayer', 'RPG']"
Warhammer: Vermintide 2,"Mar 8, 2018",$29.99,No Discount,Fatshark,Fatshark,"147,249","125,200","22,049",Very Positive,"['Action', 'Indie', 'RPG']"
Monster Hunter Stories 3: Twisted Reflection,"Mar 12, 2026",$69.99,No Discount,"CAPCOM Co., Ltd.","CAPCOM Co., Ltd.","8,825","6,782","2,043",Mixed,"['Adventure', 'RPG']"
Firefighting Simulator: Ignite,"Sep 9, 2025",$54.99,$32.99,weltenbauer. Software Entwicklung GmbH,astragon Entertainment,"2,492","1,997",495,Very Positive,"['Action', 'Simulation']"
Disco Elysium - The Final Cut,"Oct 15, 2019",$39.99,No Discount,ZA/UM,ZA/UM,"129,539","119,942","9,597",Very Positive,['RPG']
Atomic Heart,"Feb 20, 2023",$59.99,No Discount,Mundfish,Focus Entertainment,"50,078","40,440","9,638",Mostly Positive,"['Action', 'Adventure', 'RPG']"
Gorilla Tag,"Jan 1, 2023",$19.99,No Discount,Another Axiom Inc.,Another Axiom Inc.,"85,122","77,736","7,386",Very Positive,"['Action', 'Casual']"
SULFUR,"Oct 28, 2024",$24.99,No Discount,Perfect Random,Perfect Random,"9,749","8,523","1,226",Very Positive,"['Action', 'Adventure', 'Indie', 'RPG']"
"Warhammer 40,000: Rogue Trader - The Infinite Museion","Jun 11, 2026",$17.99,No Discount,Owlcat Games,Owlcat Games,413,305,108,Mostly Positive,"['Adventure', 'Indie', 'RPG', 'Strategy']"
Captain of Industry,"May 31, 2022",$34.99,No Discount,MaFi Games,MaFi Games,"11,360","10,253","1,107",Very Positive,"['Indie', 'Simulation', 'Strategy', 'Early Access']"
My Singing Monsters,"Mar 24, 2021",Free To Play,No Discount,Big Blue Bubble,Big Blue Bubble,"48,593","45,446","3,147",Very Positive,"['Casual', 'Simulation', 'Free To Play']"
House Flipper,"May 17, 2018",$38.23,$23.78,Empyrean,Frozen District,"111,127","104,451","6,676",Very Positive,"['Action', 'Adventure', 'Casual', 'Indie']"
"Warhammer 40,000: Darktide - Arbites Class","Jun 23, 2025",$11.99,No Discount,Fatshark,Fatshark,"1,447",944,503,Very Positive,"['Action', 'Adventure', 'Indie']"
Pathfinder: Wrath of the Righteous - Enhanced Edition,"Sep 2, 2021",$40.48,$19.56,Owlcat Games,META Publishing,"43,694","36,485","7,209",Mostly Positive,"['Action', 'Adventure', 'Indie', 'RPG']"
Mortal Shell II,"Aug 20, 2026",$49.99,No Discount,Cold Symmetry,Playstack,0,0,0,['Action'],
OMORI,"Dec 25, 2020",$19.99,No Discount,"OMOCAT, LLC","OMOCAT, LLC","87,914","85,352","2,562",Overwhelmingly Positive,"['Adventure', 'Indie', 'RPG']"
Train Simulator Classic,"Jul 12, 2009",$29.99,$5.99,Dovetail Games,Dovetail Games - Trains,"29,352","21,032","8,320",Mostly Positive,['Simulation']
DrainSim,"Mar 3, 2026",$14.99,No Discount,CodePeas,CodePeas,"2,423","2,221",202,Very Positive,"['Casual', 'Indie', 'Simulation', 'Early Access']"
"Warhammer 40,000: Gladius - Relics of War","Jul 12, 2018",$39.99,No Discount,Proxy Studios,Slitherine Ltd.,"18,483","15,094","3,389",Mostly Positive,['Strategy']
RimWorld - Anomaly,"Apr 11, 2024",$24.99,No Discount,Ludeon Studios,Ludeon Studios,"3,032","2,436",596,Mostly Positive,"['Indie', 'Simulation', 'Strategy']"
Enlisted,"Jul 16, 2024",Free To Play,No Discount,Darkflow Software,Gaijin Network Ltd,"46,227","37,066","9,161",Mostly Positive,"['Action', 'Massively Multiplayer', 'Free To Play']"
Call of Duty®: Black Ops Cold War,"Mar 8, 2023",$59.99,No Discount,Treyarch,Activision,"22,919","18,229","4,690",Mostly Positive,['Action']
Elite Dangerous,"Apr 2, 2015",$19.99,No Discount,Frontier Developments,Frontier Developments,"107,111","82,807","24,304",Mostly Positive,"['Action', 'Adventure', 'Massively Multiplayer', 'RPG']"
Gears of War: Reloaded,"Aug 26, 2025",$39.99,No Discount,The Coalition,Xbox Game Studios,"3,531","2,139","1,392",Very Positive,['Action']
Half-Life: Alyx,"Mar 23, 2020",$59.99,No Discount,Valve,Valve,"104,894","103,074","1,820",Overwhelmingly Positive,"['Action', 'Adventure']"
F1® 25: 2026 Season Pack,"Jun 3, 2026",$24.99,No Discount,Codemasters,Electronic Arts,569,282,287,Mixed,"['Racing', 'Simulation', 'Sports']"
Outbound,"May 11, 2026",$31.48,$43.18,Square Glade Games,Square Glade Games,"2,042","1,500",542,Mixed,"['Adventure', 'Casual', 'Indie', 'Simulation']"
ARK: Dragontopia,"Jul 3, 2026",$29.99,No Discount,Studio Wildcard,Studio Wildcard,191,71,120,Mostly Negative,"['Action', 'Adventure', 'Indie', 'Massively Multiplayer']"
Police Simulator: Patrol Officers,"Nov 10, 2022",$39.99,$19.99,Aesir Interactive,astragon Entertainment,"22,585","17,101","5,484",Mixed,['Simulation']
Sun Haven,"Mar 10, 2023",$24.99,$8.74,Pixel Sprout Studios,Pixel Sprout Studios,"25,361","20,414","4,947",Mostly Positive,"['Adventure', 'Casual', 'Indie', 'RPG']"
Conqueror's Blade,"Apr 5, 2020",Free To Play,No Discount,Booming Tech,Poros Interactive,"38,738","26,020","12,718",Mixed,"['Action', 'Massively Multiplayer', 'RPG', 'Strategy']"
ARK: Bob's Tall Tales,"Apr 1, 2024",$29.99,No Discount,Studio Wildcard,Studio Wildcard,"1,470",705,765,Mostly Negative,"['Action', 'Adventure', 'Indie', 'Massively Multiplayer']"
Fellowship,"Oct 16, 2025",$24.99,No Discount,Chief Rebel,Coffee Stain Publishing,"17,541","13,142","4,399",Mostly Positive,"['RPG', 'Early Access']"
Sid Meier's Civilization® V,"Sep 21, 2010",$29.99,$7.49,Firaxis Games,2K,"210,407","201,159","9,248",Overwhelmingly Positive,['Strategy']
Star Trek: Voyager - Across the Unknown,"Feb 18, 2026",$34.99,No Discount,Gamexcite,Daedalic Entertainment,"4,562","3,626",936,Mixed,"['Indie', 'Strategy']"
Assassin's Creed® Unity,"Nov 11, 2014",$29.99,No Discount,Ubisoft,Ubisoft,"85,118","66,225","18,893",Mixed,"['Action', 'Adventure']"
Call of Duty®: Modern Warfare® 3 (2011),"Nov 8, 2011",$39.99,No Discount,Infinity Ward,Activision,"39,646","35,289","4,357",Very Positive,['Action']
Tainted Grail: The Fall of Avalon - Sanctuary of Sarras DLC,"Dec 15, 2025",$14.99,No Discount,Questline,Awaken Realms,533,459,74,Very Positive,"['Action', 'Adventure', 'Indie', 'RPG']"
Everwind,"Mar 17, 2026",$24.99,No Discount,Enjoy Studio S.A.,Bohemia Interactive,"3,709","3,024",685,Mostly Positive,"['Adventure', 'Indie', 'RPG', 'Simulation']"
LEGO® Party!,"Sep 30, 2025",$39.99,$27.99,SMG Studio,Fictions,"1,446","1,264",182,Mixed,"['Action', 'Casual']"
Anno 1800,"Apr 16, 2019",$59.99,No Discount,Ubisoft Mainz,Ubisoft,"32,062","26,075","5,987",Mostly Positive,"['Simulation', 'Strategy']"
The Invincible,"Nov 6, 2023",$29.99,$10.49,Starward Industries,11 bit studios,"12,644","11,112","1,532",Very Positive,"['Action', 'Adventure', 'Indie']"
Crush Crush,"May 13, 2016",Free To Play,No Discount,Sad Panda Studios,Sad Panda Studios,"28,304","25,137","3,167",Very Positive,"['Casual', 'Indie', 'Free To Play']"
Beat Saber,"May 21, 2019",$29.99,No Discount,Beat Games,Beat Games,"76,210","72,785","3,425",Very Positive,['Indie']
MX vs ATV Legends,"Jun 28, 2022",$39.99,No Discount,Rainbow Studios,THQ Nordic,"5,203","4,212",991,Very Positive,"['Racing', 'Sports']"
Wizardry Variants Daphne,"Mar 5, 2025",Free To Play,No Discount,"Drecom Co., Ltd.","Drecom Co., Ltd.","3,727","2,125","1,602",Mixed,['RPG']
ASTRONEER,"Dec 16, 2016",$29.99,No Discount,System Era Softworks,System Era Softworks,"138,917","127,705","11,212",Very Positive,"['Adventure', 'Indie']"
StarRupture,"Jan 6, 2026",$44.98,$53.98,Creepy Jar,Creepy Jar,"13,155","10,638","2,517",Mostly Positive,"['Action', 'Adventure', 'Indie', 'Simulation']"
Total War: ROME II - Emperor Edition,"Sep 2, 2013",$59.99,No Discount,CREATIVE ASSEMBLY,SEGA,"93,737","78,818","14,919",Very Positive,['Strategy']
Mahjong Soul,"Jul 23, 2024",Free To Play,No Discount,Catfood Studio,YOSTAR HONG KONG LIMITED,"4,071","3,411",660,Mostly Positive,"['Casual', 'Strategy']"
The Jackbox Party Pack 3,"Oct 17, 2016",$24.99,No Discount,"Jackbox Games, Inc.","Jackbox Games, Inc.","6,648","6,431",217,Very Positive,"['Casual', 'Indie', 'Strategy']"
MISERY,"Oct 23, 2025",$22.08,$20.68,Platypus Entertainment,Ytopia,"25,059","20,982","4,077",Very Positive,"['Action', 'Adventure', 'Indie', 'Massively Multiplayer']"
Call of Duty®: Modern Warfare®,"Mar 8, 2023",$59.99,No Discount,Infinity Ward,Activision,"44,315","34,996","9,319",Mostly Positive,['Action']
Birds of War,"Jul 22, 2026",$9.99,No Discount,HexNest Games,HexNest Games,272,241,31,Very Positive,"['Action', 'Casual', 'Indie']"
Risk of Rain 2: Seekers of the Storm,"Aug 27, 2024",$14.99,No Discount,Gearbox Software,Gearbox Publishing,"12,230","6,645","5,585",Mostly Positive,"['Action', 'Indie']"
Vampire Crawlers: The Turbo Wildcard from Vampire Survivors,"Apr 21, 2026",$9.99,No Discount,poncle,poncle,"18,679","17,980",699,Very Positive,"['Action', 'Indie', 'Strategy']"
BALL x PIT,"Oct 15, 2025",$21.58,$17.98,Kenny Sun and Friends,Devolver Digital,"26,177","24,964","1,213",Very Positive,"['Action', 'Indie']"
Kingdom Come: Deliverance,"Feb 13, 2018",$29.99,No Discount,Warhorse Studios,Warhorse Studios,"184,227","155,496","28,731",Very Positive,"['Action', 'Adventure', 'RPG']"
The Alters,"Jun 13, 2025",$49.48,$34.18,11 bit studios,11 bit studios,"19,096","17,262","1,834",Very Positive,['Adventure']
CloverPit,"Sep 26, 2025",$15.28,$12.33,Panik Arcade,Future Friends Games,"25,383","22,902","2,481",Very Positive,"['Action', 'Adventure', 'Indie', 'Simulation']"
WARNO,"May 23, 2024",$39.99,No Discount,Eugen Systems,Eugen Systems,"15,888","12,680","3,208",Very Positive,"['Action', 'Indie', 'Simulation', 'Strategy']"
Hell Maiden,"Jul 16, 2026",$14.99,$13.48,AstralShift,AstralShift,"1,412","1,269",143,Very Positive,"['Action', 'Casual', 'Indie', 'RPG']"
Brotato,"Jun 23, 2023",$4.99,$2.99,Blobfish,Blobfish,"117,350","112,704","4,646",Very Positive,"['Action', 'Casual', 'Indie', 'RPG']"
Bookshop Simulator,"Jul 20, 2026",$15.99,$13.59,Blep Games,Blep Games,"1,505","1,419",86,Very Positive,"['Action', 'Adventure', 'RPG', 'Simulation']"
Metro Exodus,"Feb 14, 2019",$50.98,$38.23,4A Games,Deep Silver,"134,590","121,092","13,498",Very Positive,['Action']
PlateUp!,"Aug 4, 2022",$19.99,$4.99,It's happening,Yogscast Games,"26,804","25,390","1,414",Very Positive,"['Action', 'Casual', 'Indie', 'Strategy']"
UNCHARTED™: Legacy of Thieves Collection,"Oct 19, 2022",$49.99,No Discount,Naughty Dog LLC,PlayStation Publishing LLC,"43,071","38,994","4,077",Very Positive,['Adventure']
House Flipper 2 - Sakura DLC,"May 21, 2026",$14.99,$11.99,Frozen District,Frozen District,131,98,33,Mostly Positive,"['Casual', 'Indie', 'Simulation']"
The Ranchers,"Jul 30, 2026",$24.99,$22.49,The Ranchers,Trophy Games Publishing ApS,383,229,154,Mixed,"['Action', 'Adventure', 'Casual', 'Indie']"
High On Life 2,"Feb 13, 2026",$59.99,No Discount,"Squanch Games, Inc.","Squanch Games, Inc.","2,513","1,804",709,Mostly Positive,"['Action', 'Adventure']"
Sledding Game,"Apr 30, 2026",$7.99,$6.39,The Sledding Corporation,The Sledding Corporation,"3,122","3,009",113,Very Positive,"['Action', 'Adventure', 'Casual', 'Indie']"
Far Cry® 4,"Nov 18, 2014",$247.42,$222.89,"Ubisoft Montreal, Red Storm, Shanghai, Toronto, Kiev",Ubisoft,"72,667","61,485","11,182",Very Positive,"['Action', 'Adventure']"
Inscryption,"Oct 19, 2021",$32.38,$27.97,Daniel Mullins Games,Devolver Digital,"147,498","142,812","4,686",Overwhelmingly Positive,"['Adventure', 'Indie', 'Strategy']"
33 Immortals,"Jun 10, 2026",$17.89,$27.89,Thunder Lotus,Thunder Lotus,"2,238","1,658",580,Mixed,"['Action', 'Indie', 'Massively Multiplayer']"
RAID: Shadow Legends,"Jan 9, 2024",Free To Play,No Discount,Plarium Global Ltd,Plarium Global Ltd,"2,700","1,652","1,048",Mixed,"['Massively Multiplayer', 'RPG', 'Strategy', 'Free To Play']"
Forsaken Realms: Vahrin's Call,"Jul 27, 2026",$34.99,$31.49,Titan Roc,Titan Roc,497,343,154,Mixed,"['Action', 'Adventure', 'Indie', 'RPG']"
World War Z,"Sep 21, 2021",$29.99,No Discount,Saber Interactive Inc,Saber Interactive Inc,"31,888","26,332","5,556",Very Positive,['Action']
Automation - The Car Company Tycoon Game,"Mar 12, 2015",$29.99,No Discount,Camshaft Software Ltd,Camshaft Software Ltd,"17,773","16,689","1,084",Overwhelmingly Positive,"['Indie', 'Racing', 'Simulation', 'Strategy']"
The Sims™ 4 Businesses & Hobbies Expansion Pack,"Mar 6, 2025",$39.99,$19.99,Maxis,Electronic Arts,104,78,26,Mostly Positive,"['Adventure', 'Casual', 'Simulation']"
Batman: Arkham Collection,"Mar 26, 2010",$19.99,$2.99,Rocksteady Studios,WB Games,"86,483","83,328","3,155",Overwhelmingly Positive,"['Action', 'Adventure']"
Grim Dawn - Forgotten Gods Expansion,"Mar 27, 2019",$124.72,$56.91,Crate Entertainment,Crate Entertainment,"1,168","1,011",157,Very Positive,"['Action', 'Adventure', 'Indie', 'RPG']"
Europa Universalis V,"Nov 4, 2025",$59.99,No Discount,Paradox Tinto,Paradox Interactive,"30,289","20,253","10,036",Mixed,['Strategy']
Tiny Glade,"Sep 23, 2024",$14.99,No Discount,Pounce Light,Pounce Light,"24,290","23,631",659,Overwhelmingly Positive,"['Casual', 'Indie', 'Simulation']"
Phoenix Wright: Ace Attorney Trilogy,"Apr 9, 2019",$29.99,$9.89,"CAPCOM Co., Ltd.","CAPCOM Co., Ltd.","44,491","43,405","1,086",Overwhelmingly Positive,['Adventure']
Human Fall Flat,"Jul 22, 2016",$19.99,$5.99,No Brakes Games,Curve Games,"225,994","213,859","12,135",Very Positive,"['Adventure', 'Casual', 'Indie', 'Simulation']"
Lossless Scaling,"Dec 28, 2018",$6.99,No Discount,THS,THS,"38,118","34,464","3,654",Very Positive,['Utilities']
RimWorld - Ideology,"Jul 20, 2021",$19.99,No Discount,Ludeon Studios,Ludeon Studios,"3,491","2,893",598,Very Positive,"['Indie', 'Simulation', 'Strategy']"
Disc Golf Masters,"Jun 23, 2026",$24.99,No Discount,Spinoff Games,Bonus Stage Publishing,334,292,42,Very Positive,"['Simulation', 'Sports', 'Early Access']"
Revolution Idle,"May 1, 2025",Free To Play,No Discount,Oni Gaming,Oni Gaming,"11,949","10,367","1,582",Very Positive,"['Casual', 'Indie', 'Simulation', 'Free To Play']"
DOOM,"May 12, 2016",$19.99,$3.99,id Software,Bethesda Softworks,"220,529","210,595","9,934",Overwhelmingly Positive,['Action']
Devil May Cry 5,"Mar 7, 2019",$29.99,No Discount,"CAPCOM Co., Ltd.","CAPCOM Co., Ltd.","169,053","162,359","6,694",Overwhelmingly Positive,['Action']
Against the Storm,"Dec 8, 2023",$411.57,$48.96,Eremite Games,Hooded Horse,"37,065","35,022","2,043",Very Positive,"['Simulation', 'Strategy']"
Call to Arms - Gates of Hell: Finest Hour,"Dec 2, 2025",$29.99,$22.49,Barbedwire Studios,Digitalmindsoft,784,565,219,Mixed,"['Action', 'Simulation', 'Strategy']"
RoadCraft,"May 20, 2025",$53.98,$24.88,Saber Interactive,Focus Entertainment,"16,113","12,052","4,061",Mixed,"['Adventure', 'Simulation']"
Avowed,"Feb 18, 2025",$49.99,No Discount,Obsidian Entertainment,Xbox Game Studios,"12,926","9,956","2,970",Mostly Positive,['RPG']
Until Dawn™,"Oct 4, 2024",$59.99,No Discount,Ballistic Moon,PlayStation Publishing LLC,"5,115","4,243",872,Very Positive,['Adventure']
MIMESIS,"Oct 27, 2025",$9.99,No Discount,"ReLU Games, Inc.","ReLU Games, Inc.","10,175","8,592","1,583",Very Positive,"['Action', 'Adventure', 'Casual', 'Indie']"
DC Universe™ Online,"Nov 2, 2011",Free to Play,No Discount,Dimensional Ink Games,Daybreak Game Company,"21,910","17,660","4,250",Mixed,"['Action', 'Adventure', 'Massively Multiplayer', 'RPG']"
A Game About Chopping Trees,"Jul 15, 2026",$43.18,$12.58,Space Raccoon Game Studio,Spaghetti Cat,822,710,112,Very Positive,"['Casual', 'Simulation']"
Wreckfest 2,"Mar 20, 2025",$62.98,$44.08,Bugbear,THQ Nordic,"5,595","4,138","1,457",Mixed,"['Racing', 'Early Access']"
Horizon Zero Dawn™ Complete Edition,"Aug 7, 2020",No Price,No Discount,Guerrilla,PlayStation Publishing LLC,"128,146","112,731","15,415",Very Positive,"['Action', 'Adventure', 'RPG']"
Sea Power : Naval Combat in the Missile Age,"Nov 12, 2024",$49.99,No Discount,Triassic Games,MicroProse Software,"6,251","5,674",577,Very Positive,"['Action', 'Simulation', 'Strategy', 'Early Access']"
Barony: Myths & Outcasts,"Feb 23, 2019",$34.16,$29.66,Turning Wheel LLC,Turning Wheel LLC,154,144,10,Very Positive,"['Action', 'Adventure', 'Indie', 'RPG']"
The Roottrees are Dead,"Jan 15, 2025",$31.48,$28.78,Evil Trout Inc.,Evil Trout Inc.,"9,580","9,251",329,Overwhelmingly Positive,['Adventure']
Slime Rancher,"Aug 1, 2017",$19.99,$4.99,Monomi Park,Monomi Park,"156,005","152,884","3,121",Overwhelmingly Positive,"['Action', 'Adventure', 'Indie', 'Simulation']"
Dungeons & Dragons Online®,"Jun 25, 2012",Play for Free!,No Discount,Standing Stone Games,Daybreak Game Company LLC,"7,904","5,636","2,268",Mixed,"['Action', 'Adventure', 'Massively Multiplayer', 'RPG']"
Cloudheim,"Dec 4, 2025",$35.98,$39.98,Noodle Cat Games,Noodle Cat Games,"1,919","1,573",346,Very Positive,"['Action', 'Adventure', 'RPG', 'Early Access']"
ARK: Lost Colony Expansion Pass,"Jun 18, 2025",$29.99,No Discount,Studio Wildcard,Studio Wildcard,"1,177",429,748,Very Negative,"['Action', 'Adventure', 'Indie', 'Massively Multiplayer']"
OFFBEAT,"Jul 22, 2026",$24.28,$13.47,Whetstone Games,Pantaloon,272,266,6,Very Positive,"['Indie', 'Simulation', 'Early Access']"
Totally Accurate Battle Simulator,"Apr 1, 2021",$44.98,$31.98,Landfall,Landfall,"152,770","149,441","3,329",Overwhelmingly Positive,"['Indie', 'Simulation', 'Strategy']"
FragPunk,"Mar 6, 2025",Free To Play,No Discount,Bad Guitar Studio,NetEase Games,"50,371","37,469","12,902",Mostly Positive,"['Action', 'Free To Play']"
Ghostwire: Tokyo,"Mar 24, 2022",$59.99,$14.99,Tango Gameworks,Bethesda Softworks,"20,840","17,276","3,564",Very Positive,['Action']
Rift of the NecroDancer,"Feb 5, 2025",$19.99,$7.99,Brace Yourself Games,Klei Publishing,"6,031","5,685",346,Very Positive,"['Action', 'Indie', 'RPG']"
"Warhammer 40,000: Battlesector","Jul 22, 2021",$39.99,No Discount,Slitherine Ltd.,Slitherine Ltd.,"6,793","5,905",888,Very Positive,['Strategy']
Need for Speed™ Unbound,"Dec 1, 2022",$69.99,$4.89,Criterion Games,Electronic Arts,"58,998","35,563","23,435",Mixed,"['Action', 'Racing']"
LUNAR Remastered Collection,"Apr 17, 2025",$49.99,$34.99,"ASHIBI Co., Ltd.","GungHo Online Entertainment America, Inc.",621,570,51,Mixed,"['Adventure', 'RPG']"
Goofy Gorillas,"Dec 1, 2023",$7.99,No Discount,sponge,sponge,941,870,71,Very Positive,"['Action', 'Casual', 'Indie']"
FATAL FRAME II: Crimson Butterfly REMAKE,"Mar 11, 2026",$49.99,$34.99,"KOEI TECMO GAMES CO., LTD.","KOEI TECMO GAMES CO., LTD.","3,863","3,369",494,Very Positive,"['Action', 'Adventure']"
Lost Castle 2,"Jun 10, 2026",$17.99,$12.59,Hunter Studio,Hunter Studio,"13,387","10,413","2,974",Mostly Positive,"['Action', 'Adventure', 'Indie', 'RPG']"
NASCAR 25,"Nov 11, 2025",$49.99,No Discount,"iRacing.com Motorsport Simulations, LLC","iRacing.com Motorsport Simulations, LLC","1,778","1,290",488,Mixed,"['Racing', 'Simulation', 'Sports']"
Lies of P: Overture,"Jun 6, 2025",$29.99,No Discount,NEOWIZ,NEOWIZ,"6,405","5,521",884,Very Positive,"['Action', 'Adventure', 'RPG']"
FATAL FURY: City of the Wolves,"Jan 22, 2026",$19.99,No Discount,SNK CORPORATION,SNK CORPORATION,"3,643","2,955",688,Very Positive,['Action']
Wartales,"Apr 12, 2023",$53.98,$61.17,Shiro Games,Shiro Games,"35,406","30,430","4,976",Mostly Positive,"['Adventure', 'Indie', 'RPG', 'Strategy']"
ELDEN RING NIGHTREIGN The Forsaken Hollows,"Dec 3, 2025",$15.00,No Discount,"FromSoftware, Inc.","FromSoftware, Inc.","9,804","4,258","5,546",Mostly Negative,"['Action', 'RPG']"
Dome Keeper,"Sep 27, 2022",$34.18,$35.05,Bippinbits,Raw Fury,"22,018","20,334","1,684",Very Positive,"['Action', 'Adventure', 'Indie', 'Simulation']"
Halloween: The Game,"Sep 8, 2026",$39.99,No Discount,IllFonic,IllFonic Publishing,0,0,0,['Action'],
Guild Wars® Reforged,"Dec 3, 2025",$19.99,No Discount,ArenaNet®,ArenaNet®,"3,380","2,956",424,Very Positive,"['Action', 'Adventure', 'Massively Multiplayer', 'RPG']"
The Quarry,"Jun 9, 2022",$59.99,No Discount,Supermassive Games,2K Games,"24,262","19,908","4,354",Very Positive,['Adventure']
Strinova,"Nov 21, 2024",Free To Play,No Discount,iDreamSky,iDreamSky,"30,358","22,570","7,788",Mostly Positive,"['Action', 'Massively Multiplayer', 'Free To Play']"
FINAL FANTASY X/X-2 HD Remaster,"May 12, 2016",$29.99,No Discount,Square Enix,Square Enix,"23,331","20,550","2,781",Mostly Positive,['RPG']
The Jackbox Party Pack 7,"Oct 14, 2020",$29.99,No Discount,"Jackbox Games, Inc.","Jackbox Games, Inc.","4,931","4,754",177,Very Positive,"['Casual', 'Indie', 'Strategy']"
Grim Dawn - Ashes of Malmouth Expansion,"Oct 11, 2017",$124.72,$56.91,Crate Entertainment,Crate Entertainment,"1,597","1,432",165,Mixed,"['Action', 'Adventure', 'Indie', 'RPG']"
Spyro™ Reignited Trilogy,"Sep 3, 2019",$39.99,No Discount,Toys for Bob,Activision,"22,226","20,796","1,430",Very Positive,"['Action', 'Adventure']"
Soulmask,"Apr 9, 2026",$29.99,No Discount,CampFire Studio,Qooland Games,"22,134","17,084","5,050",Mostly Positive,"['Adventure', 'Indie', 'RPG', 'Simulation']"
Resident Evil 0,"Jan 19, 2016",$19.99,$4.99,"CAPCOM Co., Ltd.","CAPCOM Co., Ltd.","19,418","15,566","3,852",Mostly Positive,"['Action', 'Adventure']"
LOCKDOWN Protocol,"Nov 18, 2025",$9.99,No Discount,Mirage Creative Lab,Mirage Creative Lab,"19,764","17,014","2,750",Very Positive,"['Action', 'Casual', 'Indie', 'Strategy']"
Galactic Civilizations IV,"Oct 19, 2023",$39.99,$13.19,Stardock Entertainment,Stardock Entertainment,"2,530","1,837",693,Mixed,"['Simulation', 'Strategy']"
Animal Shelter 2,"Jul 23, 2025",$24.99,$14.99,Games Incubator,Games Incubator,"1,532","1,242",290,Mostly Positive,"['Adventure', 'Casual', 'Indie', 'Simulation']"
Gotham Knights,"Oct 21, 2022",$59.99,$8.99,Warner Bros. Games Montréal,Warner Bros. Games,"25,121","16,933","8,188",Mostly Positive,"['Action', 'Adventure', 'RPG']"
Risk of Rain 2: Survivors of the Void,"Mar 1, 2022",$14.99,No Discount,Hopoo Games,Gearbox Publishing,"6,107","5,386",721,Very Positive,"['Action', 'Indie']"
White Knuckle,"Apr 17, 2025",$16.99,No Discount,Dark Machine Games,DreadXP,"13,566","13,294",272,Overwhelmingly Positive,['Early Access']
REPLACED,"Apr 14, 2026",$34.78,$24.88,Sad Cat Studios,Thunderful Publishing,"8,956","7,557","1,399",Very Positive,"['Action', 'Adventure', 'Indie']"
CODE VEIN II,"Jan 29, 2026",$89.99,$59.39,Bandai Namco Studios Inc.,Bandai Namco Entertainment Inc.,"7,017","4,546","2,471",Mostly Positive,"['Action', 'RPG']"
MARVEL Cosmic Invasion,"Dec 1, 2025",$29.99,No Discount,Tribute Games Inc.,Dotemu,"2,393","2,117",276,Very Positive,"['Action', 'Adventure', 'Casual', 'Indie']"
Street Fighter™ 6 - Year 3 Character Pass,"Jul 15, 2025",$29.99,$23.99,"CAPCOM Co., Ltd.","CAPCOM Co., Ltd.",120,65,55,Mixed,"['Action', 'Adventure']"
Call of Duty®: Infinite Warfare,"Nov 3, 2016",$59.99,No Discount,Infinity Ward,Activision,"29,866","18,346","11,520",Very Positive,"['Action', 'Adventure']"
Solasta: Crown of the Magister,"May 27, 2021",$29.99,$7.49,Tactical Adventures,Tactical Adventures,"22,358","19,397","2,961",Very Positive,"['Adventure', 'RPG', 'Strategy']"
The Sims™ 4 Royalty & Legacy Expansion Pack,"Feb 12, 2026",$39.99,$31.99,Maxis,Electronic Arts,45,28,17,Mixed,"['Simulation', 'Strategy']"
Sniper Elite: Resistance,"Jan 30, 2025",$49.99,No Discount,Rebellion,Rebellion,"5,923","4,470","1,453",Mostly Positive,"['Action', 'Adventure']"
LEGO® Batman™ 3: Beyond Gotham,"Nov 11, 2014",$19.99,$4.99,TT Games Ltd,WB Games,"10,436","9,224","1,212",Very Positive,"['Action', 'Adventure']"
Barony: Legends & Pariahs,"Dec 27, 2019",$34.16,$29.66,Turning Wheel LLC,Turning Wheel LLC,129,116,13,Very Positive,"['Action', 'Adventure', 'Indie', 'RPG']"
The First Berserker: Khazan,"Mar 27, 2025",$59.99,No Discount,Neople,NEXON,"31,736","26,986","4,750",Very Positive,"['Action', 'Adventure', 'RPG']"
theHunter: Call of the Wild™ - Peru Hunting Reserve,"Jun 16, 2026",$11.99,No Discount,Expansive Worlds,Avalanche Studios,117,80,37,Mixed,"['Adventure', 'Simulation', 'Sports']"
Cairn,"Jan 29, 2026",$29.99,No Discount,The Game Bakers,The Game Bakers,"20,817","19,664","1,153",Very Positive,"['Action', 'Adventure', 'Indie', 'Simulation']"
Icarus: New Frontiers Expansion,"Aug 24, 2023",$29.99,No Discount,RocketWerkz,RocketWerkz,536,446,90,Very Positive,"['Action', 'Adventure', 'Simulation']"
ARC Raiders - The Reaver Set,"Jun 16, 2026",$20.00,No Discount,Embark Studios,Embark Studios,13,11,2,Positive,['Action']
NBA 2K27,"Sep 3, 2026",$69.99,No Discount,Visual Concepts,2K,0,0,0,['Sports'],
Tales of Seikyu,"Jun 11, 2026",$24.99,No Discount,ACE Entertainment,Fireshine Games,"2,501","2,119",382,Very Positive,"['Adventure', 'RPG', 'Simulation']"
Fable,"Feb 23, 2027",$69.99,No Discount,Playground Games,Xbox Game Studios,0,0,0,"['Action', 'Adventure', 'RPG']",
Construction Simulator,"Sep 20, 2022",$24.99,No Discount,weltenbauer. Software Entwicklung GmbH,astragon Entertainment,"14,318","11,566","2,752",Mostly Positive,"['Casual', 'Simulation']"
GROUND BRANCH,"Jul 16, 2026",$29.99,No Discount,BlackFoot Studios,MicroProse Software,"24,615","20,867","3,748",Mostly Negative,"['Action', 'Indie', 'Simulation']"
Insurgency: Sandstorm,"Dec 12, 2018",$29.99,No Discount,New World Interactive,Focus Entertainment,"132,924","112,757","20,167",Mostly Positive,['Action']
NieR:Automata™,"Mar 17, 2017",$39.99,No Discount,Square Enix,Square Enix,"152,488","133,301","19,187",Very Positive,"['Action', 'RPG']"
MARVEL vs. CAPCOM Fighting Collection: Arcade Classics,"Sep 11, 2024",$49.99,$19.99,"CAPCOM Co., Ltd.","CAPCOM Co., Ltd.","2,486","2,342",144,Very Positive,['Action']
DEATH STRANDING DIRECTOR'S CUT,"Mar 30, 2022",$9.99,No Discount,KOJIMA PRODUCTIONS, 505 Games,"67,012","61,854","5,158",Very Positive,"['Action', 'Adventure']"
Mabinogi,"Dec 6, 2012",Free to Play,No Discount,NEXON Korea Corporation,Nexon America Inc.,"4,217","3,102","1,115",Mostly Positive,"['Action', 'Adventure', 'Casual', 'Massively Multiplayer']"
Trepang2,"Jun 21, 2023",$39.99,$9.99,Trepang Studios,Team17,"19,038","17,677","1,361",Very Positive,"['Action', 'Indie']"
BLEACH Rebirth of Souls,"Mar 20, 2025",$84.99,$33.99,TAMSOFT CORPORATION,Bandai Namco Entertainment Inc.,"6,933","4,644","2,289",Very Positive,['Action']
Football Manager 26,"Nov 4, 2025",$59.99,No Discount,Sports Interactive,SEGA,"35,079","12,145","22,934",Mixed,"['Simulation', 'Sports', 'Strategy']"
The Legend of Khiimori,"Mar 3, 2026",$29.99,No Discount,Aesir Interactive,Mindscape,"2,074","1,808",266,Very Positive,"['Adventure', 'Casual', 'Simulation', 'Early Access']"
Killer Bean,"Jun 8, 2026",$14.99,No Discount,Killer Bean Studios LLC,Killer Bean Studios LLC,"2,260","1,655",605,Very Positive,"['Action', 'Adventure', 'Indie', 'Early Access']"
Wobbly Life,"Sep 18, 2025",$24.99,$16.24,RubberBandGames,RubberBandGames,"35,154","34,180",974,Overwhelmingly Positive,"['Action', 'Adventure', 'Casual', 'Indie']"
MineMogul,"Dec 4, 2025",$41.83,$30.67,NoodleForge (Gvarados & Diomonder),NoodleForge,"4,174","4,018",156,Overwhelmingly Positive,"['Indie', 'Simulation', 'Strategy', 'Early Access']"
The Lord of the Rings: Return to Moria™,"Aug 27, 2024",$29.99,No Discount,Free Range Games,North Beach Games,"12,276","9,960","2,316",Mostly Positive,"['Action', 'Adventure', 'RPG']"
Besiege,"Feb 18, 2020",$14.99,$2.99,Spiderling Studios,Spiderling Studios,"53,102","50,525","2,577",Very Positive,"['Indie', 'Simulation']"
Fable Anniversary,"Sep 12, 2014",$34.99,No Discount,Lionhead Studios,Xbox Game Studios,"16,442","14,137","2,305",Very Positive,['RPG']
Truck-kun is Supporting Me from Another World?!,"Jul 29, 2026",$19.99,$15.99,Strange Scaffold,Frosty Pop,139,117,22,Very Positive,"['Indie', 'Racing']"
The House Always Wins,"May 21, 2026",$12.99,No Discount,Toxic Studio,Toxic Studio,868,747,121,Very Positive,"['Casual', 'Simulation']"
Assassin's Creed® Origins,"Oct 26, 2017",$59.99,No Discount,Ubisoft Montreal,Ubisoft,"128,033","109,919","18,114",Very Positive,"['Action', 'Adventure', 'RPG']"
Battle Brothers,"Mar 24, 2017",$411.57,$48.71,Overhype Studios,Hooded Horse,"28,472","25,082","3,390",Very Positive,"['RPG', 'Simulation', 'Strategy']"
Bowling Alley Simulator,"Jul 14, 2026",$14.99,No Discount,Vulcron,Vulcron,136,119,17,Very Positive,['Simulation']
Call of Duty®: Modern Warfare® 2 (2009),"Nov 12, 2009",$19.99,No Discount,Infinity Ward,Activision,"60,749","56,697","4,052",Overwhelmingly Positive,['Action']
Serpent's Gaze,"May 25, 2026",$14.99,No Discount,Feeble Minds,Feeble Minds,759,677,82,Very Positive,"['Action', 'Indie', 'RPG', 'Early Access']"
Action Taimanin,"Oct 5, 2020",Free To Play,No Discount,LiLith,Infini-Brain inc.,"19,360","16,060","3,300",Mostly Positive,"['Action', 'Adventure', 'RPG', 'Free To Play']"
The Sims™ 4 Cats & Dogs,"Nov 9, 2017",$39.99,$19.99,Maxis,Electronic Arts,660,435,225,Mixed,"['Casual', 'Simulation']"
RoboCop: Rogue City,"Nov 2, 2023",$39.99,$3.99,Teyon,Nacon,"36,166","31,537","4,629",Very Positive,"['Action', 'Adventure']"
SONIC X SHADOW GENERATIONS,"Oct 24, 2024",$49.99,No Discount,Sonic Team,SEGA,"15,300","14,791",509,Very Positive,['Action']
Sniper Elite 5,"May 25, 2022",$49.99,No Discount,Rebellion,Rebellion,"29,983","25,103","4,880",Very Positive,"['Action', 'Adventure']"
Destiny 2: The Witch Queen,"Feb 22, 2022",$19.99,$1.99,Bungie,Bungie,"3,716","2,712","1,004",Mixed,"['Action', 'Adventure', 'Free To Play']"
Returnal™,"Feb 15, 2023",$59.99,No Discount,Housemarque,PlayStation Publishing LLC,"10,935","8,859","2,076",Mostly Positive,['Action']
Firestone – Idle Clicker Online RPG,"Apr 1, 2024",Free To Play,No Discount,Holyday Studios,Holyday Studios,"6,917","5,332","1,585",Mostly Positive,"['Casual', 'Indie', 'RPG', 'Free To Play']"
Drone Sector,"Jul 21, 2026",$16.99,No Discount,Icosphere,MicroProse Software,277,249,28,Very Positive,"['Action', 'Simulation', 'Strategy', 'Early Access']"
Wreckfest,"Jun 14, 2018",$29.99,No Discount,Bugbear,THQ Nordic,"41,237","36,286","4,951",Very Positive,"['Action', 'Indie', 'Racing', 'Simulation']"
MiSide,"Dec 10, 2024",$14.99,$11.99,AIHASTO,IndieArk,"140,910","137,816","3,094",Overwhelmingly Positive,"['Adventure', 'Indie', 'RPG', 'Simulation']"
Hell is Us,"Sep 4, 2025",$69.99,$27.99,Rogue Factor,Nacon,"6,444","5,506",938,Very Positive,"['Action', 'Adventure']"
RimWorld - Royalty,"Feb 24, 2020",$19.99,No Discount,Ludeon Studios,Ludeon Studios,"2,607","2,188",419,Very Positive,"['Indie', 'Simulation', 'Strategy']"
skate.,"Sep 16, 2025",$79.97,No Discount,Full Circle,Electronic Arts,"87,934","61,033","26,901",Mostly Positive,"['Action', 'Sports', 'Free To Play', 'Early Access']"
Planet Zoo 2,"Oct 13, 2026",$49.99,No Discount,Frontier Developments,Frontier Developments,0,0,0,"['Simulation', 'Strategy']",
Icarus: Great Hunts Campaigns,"Jul 17, 2025",$24.99,No Discount,RocketWerkz,RocketWerkz,156,90,66,Mixed,"['Action', 'Adventure', 'Simulation']"
CARRION,"Jul 23, 2020",$23.98,$17.58,Phobia Game Studio,Devolver Digital,"34,951","33,013","1,938",Very Positive,"['Action', 'Adventure', 'Indie']"
EverRail,"Jul 20, 2026",$14.99,$13.49,Aesir Interactive,Aesir Interactive,309,214,95,Mixed,"['Action', 'Adventure', 'Simulation', 'Early Access']"
Assetto Corsa Rally,"Nov 13, 2025",$29.99,No Discount,Supernova Games Studios,505 Games,"10,299","9,065","1,234",Mostly Positive,"['Racing', 'Early Access']"
Arakure – Hero – FOR HONOR,"Jul 23, 2026",$9.99,No Discount,Ubisoft,Ubisoft,55,29,26,Mixed,['Action']
Sins of a Solar Empire II,"Aug 15, 2024",$49.99,No Discount,Ironclad Games Corporation,Stardock Entertainment,"8,557","7,175","1,382",Mostly Positive,"['Simulation', 'Strategy']"
Noita,"Oct 15, 2020",$19.99,No Discount,Nolla Games,Nolla Games,"88,203","83,934","4,269",Very Positive,"['Action', 'Adventure', 'Indie', 'RPG']"
Welcome to the Game III,"Jul 16, 2026",$19.99,No Discount,Reflect Studios,Reflect Studios,557,432,125,Mostly Positive,"['Indie', 'Simulation']"
Ratchet & Clank: Rift Apart,"Jul 26, 2023",$59.99,No Discount,Insomniac Games,PlayStation Publishing LLC,"17,864","16,197","1,667",Very Positive,"['Action', 'Adventure']"
Mortal Kombat X,"Apr 13, 2015",$19.99,$3.99,NetherRealm Studios,Warner Bros. Games,"60,534","52,230","8,304",Very Positive,['Action']
The Stanley Parable: Ultra Deluxe,"Apr 27, 2022",$24.99,No Discount,Crows Crows Crows,Crows Crows Crows,"35,666","33,572","2,094",Very Positive,"['Adventure', 'Casual', 'Indie']"
StarSavior,"Dec 10, 2025",Free To Play,No Discount,Studiobside,Studiobside,"3,408","2,082","1,326",Mixed,"['RPG', 'Simulation', 'Strategy', 'Free To Play']"
Crusader Kings III: Roads to Power,"Sep 24, 2024",$29.99,No Discount,Paradox Development Studio,Paradox Interactive,"2,178","1,783",395,Very Positive,"['RPG', 'Simulation', 'Strategy']"
KovaaK's,"Apr 3, 2018",$18.68,$9.50,KovaaK Games,KovaaK Games,"41,203","38,311","2,892",Very Positive,"['Action', 'Indie', 'Simulation']"
Liftoff®: FPV Drone Racing,"Sep 13, 2018",$19.99,$15.99,LuGus Studios,LuGus Studios,"13,755","13,092",663,Overwhelmingly Positive,"['Indie', 'Racing', 'Simulation', 'Sports']"
Library Of Ruina,"Aug 10, 2021",$29.99,No Discount,ProjectMoon,ProjectMoon,"44,201","41,750","2,451",Very Positive,"['Indie', 'RPG', 'Strategy']"
LEGO® Harry Potter™ Collection,"Oct 8, 2024",$39.99,$5.99,TT Games,Warner Bros. Games,"1,569","1,301",268,Very Positive,"['Action', 'Adventure', 'Casual']"
Realm of the Mad God Exalt,"Feb 20, 2012",Free to Play,No Discount,Wild Shadow Studios,Deca Live Operations GmbH,"47,663","39,452","8,211",Very Positive,"['Action', 'Adventure', 'Indie', 'Massively Multiplayer']"
Riders Republic,"Jun 8, 2023",$39.99,$3.99,Ubisoft Annecy,Ubisoft Entertainment,"31,385","25,648","5,737",Very Positive,"['Massively Multiplayer', 'Sports']"
Haste,"Apr 1, 2025",$19.99,No Discount,Landfall,Evil Landfall?,"13,800","12,722","1,078",Very Positive,"['Action', 'Adventure', 'Indie', 'Racing']"
The Riftbreaker,"Oct 14, 2021",$49.48,$28.56,EXOR Studios,EXOR Studios,"24,562","22,191","2,371",Very Positive,"['Action', 'Adventure', 'Indie', 'RPG']"
Horizon Zero Dawn™ Remastered,"Oct 31, 2024",$49.99,No Discount,Guerrilla Games,PlayStation Publishing LLC,"7,529","6,370","1,159",Very Positive,"['Action', 'Adventure', 'RPG']"
Wolfenstein II: The New Colossus,"Oct 26, 2017",$39.99,$5.99,MachineGames,Bethesda Softworks,"49,118","39,960","9,158",Very Positive,['Action']
My Summer Car,"Jan 8, 2025",$14.99,No Discount,Amistech Games,Amistech Games,"116,227","110,335","5,892",Very Positive,"['Indie', 'Racing', 'Simulation']"
Moss: The Forgotten Relic ,"Jul 16, 2026",$19.99,No Discount,Polyarc,Polyarc,235,219,16,Very Positive,"['Action', 'Adventure', 'Indie']"
Deadzone: Rogue,"Aug 11, 2025",$44.98,$33.73,Prophecy Games,Prophecy Games,"16,159","13,317","2,842",Mostly Positive,['Action']
Stoneshard,"Feb 6, 2020",$24.99,$16.24,Ink Stains Games,HypeTrain Digital,"35,228","26,282","8,946",Mostly Positive,"['Adventure', 'Indie', 'RPG', 'Strategy']"
MARVEL SNAP,"Aug 22, 2023",Free,No Discount,"Second Dinner Studios, Inc.","Second Dinner Studios, Inc.","35,020","25,535","9,485",Mostly Positive,"['Casual', 'Strategy', 'Free To Play']"
Far Cry® 6,"May 11, 2023",$247.42,$222.89,Ubisoft Toronto,Ubisoft,"35,187","25,059","10,128",Mixed,"['Action', 'Adventure']"
Horsey Game,"Feb 18, 2026",$9.99,No Discount,Captain Games,Captain Games,"2,819","2,740",79,Overwhelmingly Positive,"['Indie', 'Simulation']"
Morbid Metal,"Apr 8, 2026",$17.99,$13.49,SCREEN JUICE,Ubisoft,"1,565","1,291",274,Very Positive,"['Action', 'Early Access']"
Green Hell,"Sep 5, 2019",$11.60,$2.47,Creepy Jar,Creepy Jar,"100,659","85,278","15,381",Very Positive,"['Action', 'Adventure', 'Indie', 'Simulation']"
The Forever Winter,"Sep 24, 2024",$29.99,No Discount,Fun Dog Studios,Fun Dog Studios,"24,583","16,855","7,728",Mixed,"['Action', 'Early Access']"
BioShock Infinite,"Mar 25, 2013",$29.99,No Discount,Irrational Games,2K,"145,233","135,753","9,480",Very Positive,['Action']
House Party,"Jul 15, 2022",$24.99,No Discount,"Eek! Games, LLC","Eek! Games, LLC","15,390","13,207","2,183",Mixed,"['Adventure', 'Casual', 'Indie', 'RPG']"
Lobotomy Corporation | Monster Management Simulation,"Apr 9, 2018",$24.99,No Discount,ProjectMoon,ProjectMoon,"56,108","52,879","3,229",Overwhelmingly Positive,"['Indie', 'Simulation']"
Berry Bury Berry,"Jan 29, 2026",$13.48,$14.38,Get(Color) Games,Get(Color) Games,"8,400","8,249",151,Overwhelmingly Positive,"['Adventure', 'Casual', 'Indie']"
Dishonored®: Death of the Outsider™,"Sep 14, 2017",$29.99,$5.99,Arkane Studios,Bethesda Softworks,"13,248","11,606","1,642",Very Positive,['Action']
Way of the Hunter 2,"Mar 26, 2026",$34.99,No Discount,Nine Rocks Games,THQ Nordic,"1,299",971,328,Mostly Positive,"['Adventure', 'Simulation', 'Early Access']"
NARUTO TO BORUTO: SHINOBI STRIKER,"Aug 31, 2018",$3.99,$2.99,Soleil Ltd.,Bandai Namco Entertainment,"56,540","47,309","9,231",Mostly Positive,['Action']
Demonologist,"Sep 25, 2023",$19.99,No Discount,Clock Wizard Games,Clock Wizard Games,"23,978","20,437","3,541",Very Positive,"['Action', 'Adventure', 'Indie']"
A Plague Tale: Requiem,"Oct 17, 2022",$49.99,No Discount,Asobo Studio,Focus Entertainment,"26,245","23,840","2,405",Very Positive,"['Action', 'Adventure']"
Oxygen Not Included: The Aquatic Planet Pack,"Jun 11, 2026",$9.99,No Discount,Klei Entertainment,Klei Entertainment,271,226,45,Mostly Positive,"['Indie', 'Simulation']"
The Bazaar,"Aug 13, 2025",$31.48,$27.43,Tempo,Tempo,"15,116","10,677","4,439",Mixed,['Strategy']
Momento,"Jun 6, 2026",$31.48,$26.98,Fat Alien Cat,Fat Alien Cat & Nomo Studio,196,188,8,Very Positive,['Casual']
The Hundred Line -Last Defense Academy-,"Apr 23, 2025",$59.99,$41.99,Too Kyo Games,Aniplex Inc.,"8,580","7,549","1,031",Very Positive,"['Adventure', 'Simulation']"
DiRT Rally 2.0,"Feb 25, 2019",$19.99,$13.99,Codemasters,Codemasters,"48,266","42,860","5,406",Very Positive,"['Racing', 'Simulation', 'Sports']"
Alien: Isolation,"Oct 6, 2014",$39.99,No Discount,Creative Assembly,SEGA,"66,331","61,778","4,553",Very Positive,['Action']
Call of Duty: World at War,"Nov 18, 2008",$19.99,No Discount,Treyarch,Activision,"53,113","49,048","4,065",Very Positive,['Action']
Beholder: Conductor,"Apr 23, 2025",$13.99,$4.19,Alawar,Alawar,"5,060","4,621",439,Very Positive,"['Adventure', 'Indie', 'Simulation', 'Strategy']"
Destiny 2: Triumphant Rewards Silver Bundle,"Jun 9, 2026",$9.99,No Discount,Bungie,Bungie,95,95,0,Very Positive,"['Action', 'Adventure', 'Free To Play']"
Planet Coaster 2: Parades Pack,"Jun 25, 2026",$18.99,No Discount,Frontier Developments,Frontier Developments,59,47,12,Very Positive,"['Simulation', 'Strategy']"
SpaceEngine,"Jun 11, 2019",$29.99,No Discount,Cosmographic Software,Cosmographic Software,"16,216","15,588",628,Overwhelmingly Positive,"['Casual', 'Indie', 'Simulation', 'Early Access']"
Subnautica: Below Zero,"May 13, 2021",$29.99,No Discount,Unknown Worlds Entertainment,Unknown Worlds Entertainment,"108,019","97,309","10,710",Very Positive,"['Adventure', 'Indie']"
Eternal Return,"Jul 19, 2023",Free To Play,No Discount,Nimble Neuron,Nimble Neuron,"75,507","55,387","20,120",Very Positive,['None']
ARK Fantastic Tames Season 1,"May 20, 2026",$9.99,No Discount,Studio Wildcard,Studio Wildcard,90,55,35,Mostly Negative,"['Action', 'Adventure', 'Indie', 'Massively Multiplayer']"
Terra Invicta - Dark Skies,"Jul 27, 2026",$9.99,$8.99,Pavonis Interactive,Hooded Horse,109,90,19,Very Positive,"['Simulation', 'Strategy']"
Generation Zero®,"Mar 26, 2019",$24.99,$4.99,Systemic Reaction™,Avalanche Studios,"42,093","30,322","11,771",Mostly Positive,"['Action', 'Adventure']"
RPG Maker MZ,"Aug 27, 2020",$12.99,$143.98,Gotcha Gotcha Games,Gotcha Gotcha Games,"2,324","1,985",339,Very Positive,"['RPG', 'Design & Illustration', 'Education', 'Web Publishing']"
Sintopia,"Apr 16, 2026",$34.99,$27.99,Piraknights Games,Team17,"1,039",843,196,Mostly Positive,"['Indie', 'Simulation', 'Strategy']"
GONE Fishing,"Jun 15, 2025",$9.99,No Discount,GONE Studios,GONE Studios,"3,446","3,135",311,Very Positive,"['Action', 'Adventure', 'Indie', 'Early Access']"
Plants vs. Zombies™: Replanted,"Oct 23, 2025",$19.99,$12.99,PopCap Games,Electronic Arts,"7,095","4,651","2,444",Mostly Positive,['Strategy']
MechWarrior 5: Mercenaries - Chaos Reign,"May 26, 2026",$19.99,No Discount,Piranha Games Inc.,Piranha Games Inc.,190,145,45,Mostly Positive,"['Action', 'Simulation']"
Look Outside,"Mar 21, 2025",$9.99,No Discount,Francis Coulombe,Devolver Digital,"13,964","13,735",229,Overwhelmingly Positive,"['Adventure', 'RPG']"
LORT,"Jan 21, 2026",$14.99,No Discount,Big Distraction,Big Distraction,"4,247","3,288",959,Very Positive,"['Action', 'Early Access']"
Phantasy Star Online 2 New Genesis,"Aug 5, 2020",Free To Play,No Discount,SEGA,SEGA,"24,622","16,981","7,641",Mixed,"['Action', 'Massively Multiplayer', 'RPG', 'Free To Play']"
Pacific Drive,"Feb 21, 2024",$71.98,$59.57,Ironwood Studios,Kepler Interactive,"26,514","22,062","4,452",Very Positive,"['Action', 'Adventure', 'Indie', 'Racing']"
Spirit Island,"Jul 29, 2020",$24.99,$4.99,Handelabra Games Inc.,Handelabra Games Inc.,"1,653","1,517",136,Very Positive,"['Indie', 'Strategy']"
Muse Dash,"Jun 20, 2019",$2.99,No Discount,peropero,hasuhasu,"126,193","114,038","12,155",Very Positive,"['Action', 'Casual', 'Indie']"
Granblue Fantasy Versus: Rising,"Dec 13, 2023",$49.99,No Discount,"Cygames, Inc.","Cygames, Inc.","7,048","5,864","1,184",Very Positive,['Action']
The Artisan of Glimmith,"Mar 17, 2026",$12.99,$10.39,Lunarch Studios,Lunarch Studios,"2,175","2,123",52,Overwhelmingly Positive,"['Casual', 'Indie', 'Strategy']"
Atomfall,"Mar 27, 2025",$49.99,No Discount,Rebellion,Rebellion,"5,628","4,373","1,255",Mostly Positive,"['Action', 'Adventure']"
SPORE™,"Dec 19, 2008",$19.99,No Discount,Maxis™,Electronic Arts,"72,390","67,029","5,361",Very Positive,"['Action', 'Adventure', 'Casual', 'RPG']"
Unrailed 2: Back on Track,"Jun 11, 2026",$19.99,$11.99,Indoor Astronaut,Indoor Astronaut,"2,081","1,805",276,Mostly Positive,"['Action', 'Casual', 'Indie', 'Simulation']"
Crusader Kings III: All Under Heaven,"Oct 28, 2025",$29.99,No Discount,Paradox Development Studio,Paradox Interactive,"2,181","1,490",691,Mixed,"['RPG', 'Simulation', 'Strategy']"
AI LIMIT,"Mar 27, 2025",$34.99,$24.49,Sense Games,CE-Asia,"36,404","33,464","2,940",Very Positive,"['Action', 'Adventure', 'Indie', 'RPG']"
Ultimate Chicken Horse,"Mar 4, 2016",$14.99,No Discount,Clever Endeavour Games,Clever Endeavour Games,"53,100","50,860","2,240",Overwhelmingly Positive,"['Action', 'Casual', 'Indie']"
Persona 4 Revival ,"Feb 17, 2027",$69.99,No Discount,ATLUS,SEGA,0,0,0,"['Adventure', 'RPG']",
METAL GEAR SOLID: MASTER COLLECTION Vol.2,"Aug 27, 2026",$49.99,No Discount,KONAMI,KONAMI,0,0,0,"['Action', 'Adventure']",
Street Fighter™ 6 - Year 3 Ultimate Pass,"Jul 15, 2025",$47.99,$38.39,"CAPCOM Co., Ltd.","CAPCOM Co., Ltd.",74,42,32,Mixed,"['Action', 'Adventure']"
Gas Station Simulator,"Sep 15, 2021",$19.99,$9.39,DRAGO entertainment,DRAGO entertainment,"27,338","24,049","3,289",Very Positive,"['Casual', 'Indie', 'Simulation']"
Dune: Imperium,"Mar 13, 2024",$22.99,No Discount,Dire Wolf,Dire Wolf,"4,303","4,045",258,Very Positive,"['Simulation', 'Strategy']"
Dreamcore,"Jan 23, 2025",$17.99,$10.79,Montraluz,Tlön Industries,"1,892","1,689",203,Very Positive,"['Adventure', 'Indie']"
CRISIS CORE –FINAL FANTASY VII– REUNION,"Dec 13, 2022",$49.99,No Discount,Square Enix,Square Enix,"8,883","7,948",935,Very Positive,"['Action', 'RPG']"
The Planet Crafter - Toxicity,"Nov 17, 2025",$9.99,No Discount,Miju Games,Miju Games,490,432,58,Very Positive,['Adventure']
CUSTOM ORDER MAID 3D2 It's a Night Magic,"Jul 30, 2019",$40.00,$31.60,KISS,S-court,"1,544","1,278",266,Very Positive,"['Adventure', 'Indie', 'Simulation']"
Incursion Red River,"Apr 10, 2024",$21.99,No Discount,Games Of Tomorrow GmbH,Games Of Tomorrow GmbH,"9,082","6,903","2,179",Mostly Positive,"['Action', 'Early Access']"
HumanitZ,"Feb 6, 2026",$19.99,No Discount,Yodubzz Studios,indie.io,"13,786","10,257","3,529",Mostly Positive,"['Action', 'Adventure', 'RPG']"
Dragon Age™: The Veilguard,"Oct 31, 2024",$59.99,$20.99,BioWare,Electronic Arts,"44,740","30,539","14,201",Mixed,"['Action', 'Adventure', 'RPG', 'Strategy']"
The Sims™ 4 Get To Work,"Mar 30, 2015",$39.99,$19.99,Maxis,Electronic Arts,303,143,160,Mixed,['Simulation']
SIGNALIS,"Oct 27, 2022",$19.99,No Discount,rose-engine,Balor Games,"33,851","32,700","1,151",Very Positive,"['Action', 'Adventure', 'Indie']"
Esports Manager 2026,"Jul 6, 2026",$19.99,No Discount,Neurona Games,indie.io,"3,322","2,456",866,Mixed,"['Indie', 'Simulation', 'Sports', 'Strategy']"
Thrifty Business,"May 18, 2026",$12.99,$11.69,Spellgarden Games,Spellgarden Games,"1,127","1,101",26,Overwhelmingly Positive,"['Casual', 'Simulation']"
Broken Arrow,"Jun 19, 2025",$49.99,No Discount,Steel Balalaika,Slitherine Ltd.,"39,641","20,009","19,632",Mixed,['Strategy']
Motor Town: Behind The Wheel,"Dec 17, 2021",$19.99,No Discount,P3 Games,P3 Games,"9,486","8,897",589,Very Positive,"['Adventure', 'Casual', 'Indie', 'Racing']"
Absolum,"Oct 9, 2025",$44.98,$29.73,Dotemu,Dotemu,"10,417","9,598",819,Very Positive,"['Action', 'Adventure', 'Indie', 'RPG']"
War of Rights,"Dec 3, 2018",$29.99,No Discount,Campfire Games,Campfire Games,"14,994","13,260","1,734",Very Positive,"['Action', 'Indie', 'Massively Multiplayer', 'Simulation']"
Nioh 2 – The Complete Edition,"Feb 5, 2021",$49.99,$19.99,"KOEI TECMO GAMES CO., LTD.","KOEI TECMO GAMES CO., LTD.","50,353","44,040","6,313",Very Positive,"['Action', 'RPG']"
Goblin Cleanup,"Sep 18, 2025",$19.99,$12.99,Crisalu Games,Team17,"2,315","2,031",284,Very Positive,"['Adventure', 'Casual', 'Indie', 'Simulation']"
Vampire: The Masquerade® - Bloodlines™ 2,"Oct 21, 2025",$59.99,No Discount,The Chinese Room,Paradox Interactive,"12,888","7,153","5,735",Mixed,"['Action', 'RPG']"
Rivals of Aether II,"Oct 23, 2024",$29.99,No Discount,Aether Studios,Aether Studios,"9,775","7,804","1,971",Mixed,"['Action', 'Indie']"
The Elder Scrolls V: Skyrim VR,"Apr 2, 2018",$59.99,$14.99,Bethesda Game Studios,Bethesda Softworks,"12,290","9,205","3,085",Mixed,['RPG']
Total War: THREE KINGDOMS,"May 23, 2019",$39.99,No Discount,CREATIVE ASSEMBLY,SEGA,"107,913","78,231","29,682",Very Positive,"['Action', 'Strategy']"
XCOM® 2,"Feb 4, 2016",$19.99,No Discount,Firaxis Games,2K,"108,826","92,109","16,717",Very Positive,['Strategy']
Life is Strange: Reunion,"Mar 26, 2026",$39.99,No Discount,Deck Nine Games,Square Enix,"5,441","4,868",573,Very Positive,"['Action', 'Adventure']"
Far Cry 3,"Dec 4, 2012",$19.99,$3.99,"Ubisoft Montreal, Massive Entertainment, and Ubisoft Shanghai",Ubisoft,"132,248","116,293","15,955",Mostly Positive,"['Action', 'Adventure']"
FINAL FANTASY XV WINDOWS EDITION,"Mar 6, 2018",FINAL FANTASY XV WINDOWS EDITION PLAYABLE DEMO,No Discount,Square Enix,Square Enix,"57,813","48,091","9,722",Very Positive,['RPG']
Five Nights at Freddy's: Security Breach,"Dec 16, 2021",$39.99,No Discount,Steel Wool Studios,ScottGames,"69,643","60,216","9,427",Very Positive,"['Action', 'Adventure', 'Indie']"
JoJo's Bizarre Adventure: All-Star Battle R,"Sep 1, 2022",$69.99,$19.59,CyberConnect2 Co. Ltd.,Bandai Namco Entertainment,"17,601","15,995","1,606",Very Positive,['Action']
Frostpunk,"Apr 24, 2018",$29.99,$4.49,11 bit studios,11 bit studios,"136,655","126,724","9,931",Very Positive,"['Simulation', 'Strategy']"
Gloria Victis: Medieval MMORPG,"Jun 17, 2026",Free To Play,No Discount,gamigo US,gamigo US,"11,809","8,050","3,759",Mixed,"['Action', 'Adventure', 'Indie', 'Massively Multiplayer']"
Left 4 Dead,"Nov 17, 2008",$9.99,No Discount,Valve,Valve,"67,764","65,319","2,445",Overwhelmingly Positive,['Action']
EVE Online,"May 5, 2003",Free To Play,No Discount,Fenris Creations,Fenris Creations,"39,205","28,767","10,438",Mixed,"['Action', 'Massively Multiplayer', 'RPG', 'Strategy']"
Starminer,"May 27, 2026",$161.95,$152.94,CoolAndGoodGames,CoolAndGoodGames,"1,840","1,359",481,Mixed,"['Action', 'Indie', 'RPG', 'Simulation']"
Middle-earth™: Shadow of War™,"Oct 9, 2017",Demo Middle-earth™: Shadow of War™,No Discount,Monolith Productions,WB Games,"116,316","103,434","12,882",Very Positive,"['Action', 'Adventure', 'RPG']"
The Walking Dead: The Telltale Definitive Series,"Oct 29, 2020",$49.99,No Discount,Skybound Games,Skybound Games,"46,267","44,661","1,606",Overwhelmingly Positive,['Adventure']
Tiny Bookshop,"Aug 7, 2025",$29.68,$31.48,neoludic games,Skystone Games,"7,504","7,220",284,Overwhelmingly Positive,"['Casual', 'Indie', 'RPG', 'Simulation']"
Boba Cafe Simulator,"Jul 24, 2026",$15.99,No Discount,Caikemi,Caikemi,"1,151","1,083",68,Very Positive,"['Casual', 'RPG', 'Simulation']"
Foundation,"Jan 31, 2025",$34.99,No Discount,Polymorph Games,Polymorph Games,"24,039","20,809","3,230",Very Positive,"['Indie', 'Simulation', 'Strategy']"
Car Service Together,"Feb 4, 2026",$35.98,$25.18,V12 Studio,V12 Studio,"3,865","3,066",799,Mostly Positive,"['Indie', 'Racing', 'Simulation', 'Early Access']"
Yakuza 0 Director's Cut,"Dec 8, 2025",$14.99,No Discount,RGG Studio,SEGA,"1,668","1,339",329,Overwhelmingly Positive,"['Action', 'Adventure', 'RPG']"
Fallout Shelter,"Mar 29, 2017",Free To Play,No Discount,Bethesda Game Studios,Bethesda Softworks,"82,282","72,248","10,034",Very Positive,"['RPG', 'Simulation', 'Free To Play']"
Pronoun Palace,"Jun 4, 2026",$19.84,No Discount,Cadence Petersen,Cadence Petersen,"1,206","1,197",9,Overwhelmingly Positive,"['Casual', 'Indie']"
The Farmer Was Replaced,"Oct 10, 2025",$9.99,$7.99,Timon Herzog,Metaroot,"8,996","8,596",400,Very Positive,"['Casual', 'Indie', 'Simulation', 'Strategy']"
Prey,"May 4, 2017",$29.99,$5.99,Arkane Studios,Bethesda Softworks,"54,313","49,333","4,980",Very Positive,"['Action', 'Adventure']"
Dwarf Fortress,"Dec 6, 2022",$35.98,$44.97,Bay 12 Games,Kitfox Games,"31,343","29,709","1,634",Very Positive,"['Indie', 'Simulation', 'Strategy']"
The Sims™ 4 Seasons,"Jun 21, 2018",$39.99,$19.99,Maxis,Electronic Arts,547,365,182,Mixed,['Simulation']
AION 2,September 2026,$24.99,No Discount,NC,NC,0,0,0,"['Action', 'Adventure', 'Massively Multiplayer', 'RPG']",
Duet Night Abyss,"Jan 19, 2026",Free To Play,No Discount,Pan Studio,Hero Games,"2,028","1,159",869,Mixed,"['Action', 'RPG', 'Free To Play']"
The King is Watching,"Jul 21, 2025",$14.99,$9.74,Hypnohead,tinyBuild,"10,252","9,117","1,135",Very Positive,"['Indie', 'Strategy']"
Out of Ore,"Oct 31, 2022",$24.99,No Discount,North Modding Company AB,North Modding Company AB,"4,085","3,501",584,Mostly Positive,"['Adventure', 'Casual', 'Simulation', 'Strategy']"
Shieldwall,"Apr 18, 2023",$17.99,No Discount,Nezon Production,Nezon Production,"7,332","6,345",987,Very Positive,"['Action', 'Casual', 'Indie', 'Simulation']"
Flock Around,"Apr 24, 2026",$11.68,$7.98,Friend Shaped Games,Friend Shaped Games,"2,006","1,974",32,Overwhelmingly Positive,"['Casual', 'Indie']"
Dimhaven - The Lost Source,"Jun 23, 2026",$25.99,No Discount,Zadbox Entertainment,Blue Brain Games,854,749,105,Very Positive,"['Adventure', 'Indie']"
Devil May Cry HD Collection,"Mar 13, 2018",$29.99,No Discount,"CAPCOM Co., Ltd.","CAPCOM Co., Ltd.","25,052","23,370","1,682",Very Positive,['Action']
The Life and Suffering of Prince Jerian,"Jul 20, 2026",$24.99,$21.24,Schisma Games,101XP,"1,329","1,019",310,Mostly Positive,"['Indie', 'RPG']"
FANTASY LIFE i: The Girl Who Steals Time,"May 21, 2025",$59.99,No Discount,LEVEL5 Inc.,LEVEL5 Inc.,"13,470","12,351","1,119",Very Positive,['RPG']
American Truck Simulator - Louisiana,"Dec 4, 2025",$11.99,No Discount,SCS Software,SCS Software,290,221,69,Mostly Positive,"['Indie', 'Simulation']"
Voidtrain,"Nov 7, 2025",$29.99,No Discount,HypeTrain Digital,HypeTrain Digital,"9,757","7,194","2,563",Mostly Positive,"['Action', 'Adventure', 'Indie', 'RPG']"
The Other Side,"Mar 7, 2025",$13.99,No Discount,Vectora Games,Vectora Games,"1,354","1,269",85,Very Positive,"['Action', 'Adventure', 'Casual', 'Indie']"
Destiny 2: Bungie 30th Anniversary Pack,"Dec 7, 2021",$14.99,$1.49,Bungie,Bungie,"2,193","1,023","1,170",Mixed,"['Action', 'Adventure', 'Free To Play']"
The Oregon Trail,"Nov 14, 2022",$29.99,$9.89,Gameloft,Gameloft,"1,265","1,000",265,Mixed,"['Adventure', 'Casual', 'Simulation', 'Strategy']"
Teddy's Haven,"May 6, 2025",$22.48,$20.68,Teddy Bear Games LLC,Teddy Bear Games LLC,"2,765","2,660",105,Very Positive,"['Adventure', 'Casual', 'Indie', 'RPG']"
DRAGON QUEST I & II HD-2D Remake,"Oct 30, 2025",$59.99,No Discount,Square Enix,Square Enix,"2,005","1,712",293,Very Positive,['RPG']
Goat Simulator 3,"Feb 15, 2024",$29.99,No Discount,Coffee Stain North,Coffee Stain Publishing,"15,757","15,409",348,Overwhelmingly Positive,"['Adventure', 'Casual', 'Simulation']"
Meowgic,"Jul 20, 2026",$7.99,No Discount,Lazy Turtle Games,Polden Publishing,442,366,76,Very Positive,"['Action', 'Adventure']"
Stronghold Crusader: Definitive Edition,"Jul 15, 2025",$19.99,No Discount,Firefly Studios,Firefly Studios,"11,394","10,540",854,Very Positive,"['Simulation', 'Strategy']"
Database Detective: Minor Crimes Division,"Jul 17, 2026",$34.17,$33.27,Thomas Hsu,Thomas Hsu,480,467,13,Very Positive,['Indie']
EA SPORTS™ Madden NFL 26,"Aug 14, 2025",$69.99,No Discount,Tiburon,Electronic Arts,"5,792","3,059","2,733",Mixed,"['Simulation', 'Sports']"
Overcooked! All You Can Eat,"Mar 23, 2021",$53.98,$55.78,Team17 Digital,Team17 Digital,"8,065","5,877","2,188",Mostly Positive,"['Casual', 'Indie', 'Simulation', 'Strategy']"
Blue Protocol: Star Resonance,"Oct 9, 2025",Free To Play,No Discount,Shanghai Bokura Network Technology Co.Ltd,A Plus,"18,940","9,493","9,447",Mixed,"['Action', 'Adventure', 'Massively Multiplayer', 'RPG']"
Call of Duty®: Black Ops III - Der Eisendrache Zombies Map,"May 1, 2018",$7.99,No Discount,Treyarch,Activision,475,437,38,Very Positive,"['Action', 'Adventure']"
Foxhole,"Sep 28, 2022",$29.99,No Discount,Siege Camp,Siege Camp,"52,710","41,934","10,776",Mixed,"['Action', 'Indie', 'Massively Multiplayer', 'RPG']"
Crossout,"Jul 26, 2017",Free To Play,No Discount,Targem Games,Gaijin Network Ltd,"69,586","52,259","17,327",Mostly Positive,"['Action', 'Adventure', 'Massively Multiplayer', 'Racing']"
Doki Doki Literature Club Plus!,"Jun 30, 2021",$14.99,$11.24,Team Salvato,Serenity Forge,"31,786","30,821",965,Overwhelmingly Positive,"['Casual', 'Indie']"
Master Healer Kale with useless party,"Jul 2, 2026",$4.99,No Discount,Evrac Studio,Evrac Studio,"1,552","1,496",56,Overwhelmingly Positive,"['Indie', 'RPG', 'Strategy']"
Aseprite,"Feb 22, 2016",$19.99,No Discount,Igara Studio,Igara Studio,"26,489","26,212",277,Overwhelmingly Positive,"['Animation & Modeling', 'Design & Illustration', 'Game Development']"
Escape From Duckov,"Oct 16, 2025",$17.99,No Discount,Team Soda,bilibili,"104,216","88,046","16,170",Very Positive,"['Action', 'Adventure', 'Indie', 'RPG']"
Farming Simulator 22,"Nov 21, 2021",$19.99,No Discount,Giants Software,Giants Software,"92,269","85,533","6,736",Very Positive,['Simulation']
Into the Radius 2,"Apr 23, 2026",$39.99,No Discount,CM IMMERSIVE,CM IMMERSIVE,"5,602","4,485","1,117",Mostly Positive,"['Action', 'Adventure', 'Indie', 'Simulation']"
DARK SOULS™ II: Scholar of the First Sin,"Apr 1, 2015",$39.99,No Discount,"FromSoftware, Inc.",Bandai Namco Entertainment,"131,014","109,913","21,101",Mostly Positive,"['Action', 'RPG']"
The Sims™ 4 Enchanted by Nature Expansion Pack,"Jul 10, 2025",$39.99,$23.99,Maxis,Electronic Arts,71,31,40,Mixed,"['Simulation', 'Strategy']"
The Long Dark,"Aug 1, 2017",$39.98,$19.58,Hinterland Studio Inc.,Hinterland Studio Inc.,"124,865","110,811","14,054",Very Positive,"['Adventure', 'Indie', 'Simulation', 'Strategy']"
How to Make an Atomic Bomb in Your Garden,"Jun 9, 2026",$11.69,$9.93,karahan,karahan,"1,770","1,593",177,Very Positive,"['Adventure', 'Casual', 'Indie', 'Simulation']"
Shadows of Doubt,"Sep 26, 2024",$24.99,$9.99,ColePowered Games,Fireshine Games,"17,608","14,475","3,133",Mostly Positive,"['Action', 'Adventure', 'Indie', 'RPG']"
Dead by Daylight: Stranger Things Chapter 2,"Jan 27, 2026",$11.99,No Discount,Behaviour Interactive Inc.,Behaviour Interactive Inc.,870,597,273,Mixed,['Action']
Crime Simulator,"Jun 17, 2025",$14.99,No Discount,CookieDev,Ultimate Games S.A.,"6,685","5,544","1,141",Very Positive,"['Action', 'Indie', 'Simulation']"
Road to Empress I,"Sep 8, 2025",$8.49,No Discount, New One Studio, New One Studio,"12,726","10,989","1,737",Very Positive,"['Adventure', 'Casual', 'Indie', 'RPG']"
ARK: Astraeos,"Feb 13, 2025",$14.99,No Discount,Studio Wildcard,Studio Wildcard,837,400,437,Mixed,"['Action', 'Adventure', 'Indie', 'Massively Multiplayer']"
Across the Obelisk,"Apr 8, 2021",$31.48,$97.84,Dreamsite Games,Paradox Interactive,"13,034","10,489","2,545",Mixed,"['Adventure', 'Indie', 'RPG', 'Strategy']"
