,GameID,Name,Release Date,Price,Discount,Developer,Publisher,Total Reviews,Positive Reviews,Negative Reviews,Review Sentiment,Genre(s),Genre1,Genre2,Genre3,Year Released,Discount %,Positive Reviews %,Negative Reviews %
0,730,Counter-Strike 2,2012-08-21,0.0,0.0,Valve,Valve,9772712,8405235,1367477,Mostly Positive,"['Action', 'Free To Play']",Action,Free To Play,,2012,,86.00719022519031,13.992809774809695
1,1623730,Palworld,2026-07-09,29.99,0.0,Pocketpair,Pocketpair,468074,442203,25871,Very Positive,"['Action', 'Adventure', 'Indie', 'RPG']",Action,Adventure,Indie,2026,,94.47288249293915,5.52711750706085
2,1172470,Apex Legends™,2020-11-04,0.0,0.0,Respawn,Electronic Arts,1061517,718905,342612,Mixed,"['Action', 'Adventure', 'Free To Play']",Action,Adventure,Free To Play,2020,,67.7243039913633,32.27569600863669
3,1091500,Cyberpunk 2077,2020-12-09,59.99,17.99,CD PROJEKT RED,CD PROJEKT RED,974957,841347,133610,Overwhelmingly Positive,['RPG'],RPG,,,2020,70.0,86.29580586631,13.704194133689999
4,230410,Warframe,2013-03-25,0.0,0.0,Digital Extremes,Digital Extremes,679091,593836,85255,Very Positive,"['Action', 'RPG', 'Free To Play']",Action,RPG,Free To Play,2013,,87.44571787875263,12.554282121247374
5,1086940,Baldur's Gate 3,2023-08-03,59.99,41.99,Larian Studios,Larian Studios,851283,823959,27324,Very Positive,"['Adventure', 'RPG', 'Strategy']",Adventure,RPG,Strategy,2023,30.0,96.79025658917188,3.2097434108281266
6,2651280,Marvel's Spider-Man 2,2025-01-30,59.99,40.19,Insomniac Games,PlayStation Publishing LLC,42419,35115,7304,Very Positive,"['Action', 'Adventure']",Action,Adventure,,2025,33.0,82.78130083217427,17.218699167825736
7,2767030,Marvel Rivals,2024-12-05,0.0,0.0,NetEase Games,NetEase Games,405859,308048,97811,Mixed,"['Action', 'Free To Play']",Action,Free To Play,,2024,,75.90025107241678,24.099748927583224
8,3282300,Mistfall Hunter,2026-07-29,24.99,22.49,Bellring Games,Skystone Games,7287,4724,2563,Mixed,"['Action', 'Adventure']",Action,Adventure,,2026,10.0,64.82777549059969,35.1722245094003
9,381210,Dead by Daylight,2016-06-14,19.99,0.0,Behaviour Interactive Inc.,Behaviour Interactive Inc.,925247,725754,199493,Mostly Positive,['Action'],Action,,,2016,,78.43894657318532,21.561053426814677
