GameID,Name,Release Date,Price,Discount,Developer,Publisher,Total Reviews,Positive Reviews,Negative Reviews,Review Sentiment,Genre(s)
730,Counter-Strike 2,"Aug 21, 2012",Free To Play,No Discount,Valve,Valve,0,0,0,Mostly Positive,"['Action', 'Free To Play']"
3010850,Gears of War: E-Day,"Oct 6, 2026",$69.99,No Discount,The Coalition,Xbox Game Studios,0,0,0,Mostly Positive,"['Action', 'Adventure']"
3393110,AION 2,"Oct 5, 2026",Free To Play,No Discount,NC,NC,0,0,0,Mixed,"['Action', 'Adventure', 'Massively Multiplayer', 'RPG']"
1867240,WARDOGS,"Sep 10, 2026",$39.99,No Discount,BULKHEAD,Team17,0,0,0,Mostly Positive,"['Action', 'Indie', 'Massively Multiplayer', 'Simulation']"
2288340,ACE COMBAT 8: WINGS OF THEVE,"Oct 1, 2026",$69.99,No Discount,Bandai Namco Aces Inc.,Bandai Namco Entertainment Inc.,0,0,0,Very Positive,['Action']
4019220,Dressmaker,"Sep 21, 2026",$14.99,No Discount,Cozy Lives,Free Lives,0,0,0,Overwhelmingly Positive,"['Casual', 'Simulation']"
381210,Dead by Daylight,"Jun 14, 2016",$19.99,$7.99,Behaviour Interactive Inc.,Behaviour Interactive Inc.,0,0,0,Mostly Positive,['Action']
230410,Warframe,"Mar 25, 2013",Free To Play,No Discount,Digital Extremes,Digital Extremes,0,0,0,Very Positive,"['Action', 'RPG', 'Free To Play']"
4078430,STAR WARS: Galactic Racer™,"Oct 6, 2026",$59.99,No Discount,Fuse Games,Secret Mode,0,0,0,Mostly Positive,"['Action', 'Adventure', 'Racing', 'Simulation']"
1091500,Cyberpunk 2077,"Dec 9, 2020",$59.99,$17.99,CD PROJEKT RED,CD PROJEKT RED,0,0,0,Very Positive,['RPG']
